URL of Story,Headline,Media Outlet,Publication Date,Conflicts,Entered by,Pub Status,Internal Notes,Notes,Created
https://www.gsa.gov/portal/content/172963,GSA and Trump Organization Reach Deal on Old Post Office Lease,Press Release,2013-06-05,"General Services Administration,Trump Old Post Office,Trump International Hotel DC",Lynn Walsh,To Discuss,061218 LW: Why is there a Trump Old Post Office and a Trump International Hotel D.C.?,,2018-05-29
https://www.prnewswire.com/news-releases/trump-hotel-collection-announces-a-luxury-resort-and-residential-development-in-bali-300130927.html,Trump Hotel Collection Announces A Luxury Resort And Residential Development In Bali,Press Release,2015-08-19,"Hary Tanoesoedibjo,Trump International Hotels Management D/B/A Trump Hotel Collection",Lynn Walsh,Approved,,,2018-05-29
https://www.washingtonpost.com/politics/trump-mortgage-failed-heres-what-that-says-about-the-gop-front-runner/2016/02/28/f8701880-d00f-11e5-88cd-753e80cd29ad_story.html?utm_term=.246ad0d15e54,Trump Mortgage failed. Here’s what that says about the GOP front-runner.,Washington Post,2016-02-29,Trump Mortgage,Lynn Walsh,Approved,,,2018-05-29
http://money.cnn.com/2016/03/14/pf/trump-mortgage/index.html,Trump Mortgage...in 2 minutes,CNN,2016-03-14,Trump Mortgage,Lynn Walsh,Approved,,,2018-05-29
http://www.indystar.com/story/news/politics/2016/05/19/donald-trump-profited-investment-carriers-parent-company/84593308/,Donald Trump profited from investment in Carrier's parent company,Indy Star,2016-05-19,Holds United Technologies,Lynn Walsh,Approved,,,2018-05-29
https://www.washingtonpost.com/politics/inside-trumps-financial-ties-to-russia-and-his-unusual-flattery-of-vladimir-putin/2016/06/17/dbdcaac8-31a6-11e6-8ff7-7b6c1998b7a0_story.html?utm_term=.58393114f26e,Inside Trump’s financial ties to Russia and his unusual flattery of Vladimir Putin,Washington Post,2016-06-17,"Miss Universe (Formerly Trump Pageants),Trump Organization Inc.,Trump Organization LLC D/B/A The Trump Organization",Lynn Walsh,Approved,,,2018-05-29
http://www.politico.com/story/2016/06/trump-dc-hotel-investigation-labor-department-224678,Labor Department investigating Trump's Old Post Office project,Politico,2016-06-22,"Trump Old Post Office,Trump International Hotel DC",Lynn Walsh,To Discuss,061218 LW: Why is there a Trump Old Post Office and a Trump International Hotel D.C.?,,2018-05-29
https://www.bloomberg.com/graphics/2016-trump-40-wall-street/,"Inside Trump’s Most Valuable Tower: Felons, Dictators and Girl Scouts",Bloomberg,2016-06-22,"40 Wall Street,Trump Tower Commercial,Trump Tower Managing Member",Lynn Walsh,To Discuss,060418 LW: Need to verify which Trump Tower company to link to this entry? Or include all of them?,,2018-05-29
http://www.newsweek.com/where-trump-irs-tax-audit-letter-488904,Is Donald Trump Really Being Audited by the IRS?,Newsweek,2016-08-10,Internal Revenue Service,Lynn Walsh,Approved,,,2018-05-29
https://www.nytimes.com/2016/08/21/us/politics/donald-trump-debt.html,Trump’s Empire: A Maze of Debts and Opaque Ties,New York Times,2016-08-20,"Trump Organization Inc.,""1290 Avenue Of The Americas, A Tenancy-In-Common"",Trump Equitable Fifth Avenue Company",Lynn Walsh,Approved,,,2018-05-29
http://www.newsweek.com/2016/09/23/donald-trump-foreign-business-deals-national-security-498081.html,How the Trump Organization's Foreign Business Ties Could Upend U.S. National Security,Newsweek,2016-09-14,"Trump Organization Inc.,Trump Organization LLC D/B/A The Trump Organization",Lynn Walsh,Rejected,060518 LW: There are better sourced overarching explainer articles about all conflicts,,2018-05-29
https://www.washingtonpost.com/news/wonk/wp/2016/09/30/trumps-unthinkable-conflict-millions-in-debts-to-german-bank-now-facing-federal-fines/?utm_term=.66663f022cff,Trump’s unusual conflict: Millions in debts to German bank now facing federal fines,Washington Post,2016-09-13,"Trump Organization Inc.,U.S Department of Justice,Trump Organization LLC D/B/A The Trump Organization",Lynn Walsh,Approved,,,2018-05-29
https://www.washingtonpost.com/politics/in-little-moscow-russians-helped-donald-trumps-brand-survive-the-recession/2016/11/04/f9dbd38e-97cf-11e6-bb29-bf2701dbe0a3_story.html?utm_term=.a6cf0ab24f58,"In ""Little Moscow,"" Russians helped Donald Trump's brand survive the recession",Washington Post,2016-11-04,"Trump Florida,Trump Miami Resort",Lynn Walsh,To Discuss,060518: LW check this one once descriptions are added. Consider adding Trump Sunny Isles,,2018-05-29
https://www.nytimes.com/2016/11/06/us/politics/donald-trump-business-tax-records.html?mtrref=undefined,Thin Line Splits Donald Trump's Politics and Businesses,New York Times,2016-11-05,"Trump Organization Inc.,Trump Entrepreneur Initiative (Formerly Trump University Ca)",Lynn Walsh,Approved,060518 LW: Add Atlantic City? Add Apprentice?,,2018-05-29
https://www.nytimes.com/2016/11/11/world/europe/trump-campaign-russia.html,"Russian Officials Were in Contact with Trump Allies, Diplomat Says",New York Times,2016-11-10,,Lynn Walsh,Rejected,060518 LW: Not about conflicts with his business,,2018-05-29
http://www.huffingtonpost.com/entry/donald-trump-transition-team_us_58261cd7e4b060adb56e41bf,Here’s Who Will Help Donald Trump Decide Who Should Lead The U.S. Government,Huffington Post,2016-11-11,,Lynn Walsh,Rejected,060518 LW: Not about conflicts with his business,,2018-05-29
http://economictimes.indiatimes.com/news/politics-and-nation/donald-trump-meets-indian-partners-hails-pm-modis-work/articleshow/55465060.cms,"Donald Trump meets Indian partners, hails PM Modi's work",Economic Times,2016-11-17,DT India Venture,Lynn Walsh,Approved,,,2018-05-29
http://www.foxnews.com/politics/2016/11/16/pence-removing-lobbyists-from-trump-transition-team.html,Pence removing lobbyists from Trump transition team,Fox News,2016-11-16,,Lynn Walsh,Rejected,060518 LW: Not about conflicts with his business,,2018-05-29
http://www.cnn.com/2016/11/16/politics/trump-children-security-clearance-controversy/,Trump denies inquiry about security clearance for kids,CNN,2016-11-17,,Lynn Walsh,Rejected,060518 LW: Not about conflicts with his business,,2018-05-29
https://www.taiwannews.com.tw/en/news/3031091,"Trump wants to expand business empire to Taiwan, creating another potential conflict of interest",Taiwan News,2016-11-16,"Trump Organization Inc.,Trump Organization LLC D/B/A The Trump Organization",Lynn Walsh,Approved,,,2018-05-29
https://www.washingtonpost.com/business/capitalbusiness/2016/11/18/9da9c572-ad18-11e6-977a-1030f822fc35_story.html?tid=pm_business_pop&amp;utm_term=.e1df6827c09c,"For foreign diplomats, Trump hotel is place to be",Washington Post,2016-11-18,"Trump Old Post Office,Trump International Hotel DC",Lynn Walsh,To Discuss,061218 LW: Why is there a Trump Old Post Office and a Trump International Hotel D.C.?,,2018-05-29
https://www.washingtonpost.com/politics/source-trump-nearing-settlement-in-trump-university-fraud-cases/2016/11/18/8dc047c0-ada0-11e6-a31b-4b6397e625d0_story.html,Trump agrees to $25 million settlement in Trump University fraud cases,Washington Post,2016-11-18,Trump Entrepreneur Initiative (Formerly Trump University Ca),Lynn Walsh,Approved,,,2018-05-29
https://www.washingtonpost.com/business/economy/a-scramble-to-assess-the-dangers-of-president-elects-global-business-empire/2016/11/20/1bbdc2a2-ad18-11e6-a31b-4b6397e625d0_story.html,A scramble to assess the dangers of President-elect Donald Trump’s global business empire,Washington Post,2016-11-20,"Trump Towers Istanbul,DT India Venture,Trump Canadian Services,Trump Toronto Hotel,Toronto Development,Trump Toronto Development,Trump Toronto Member (Formerly Trump Toronto Management),THC Jeddah Hotel Manager,DT Jeddah Technical Services Manager,DT Jeddah Technical Services Advisor,THC Jeddah Hotel Advisor,Scotland Acquisitions,Trump Scotland,Trump International Golf Club Scotland,Trump International Golf Links - Scotland,Trump International Hotel And Tower (Panama),Panama Ocean Club Management,Trump Panama Condominium,Trump Panama Hotel Management,Trump Marks Panama,Trump Brazil,THC Development Brazil,Trump Drinks Israel,Trump Drinks Israel Holdings,THC Qatar Hotel Manager,DT Marks Qatar,DJ Aerospace (Bermuda)",Lynn Walsh,Approved,,,2018-05-29
https://www.reuters.com/article/us-usa-trump-argentina/trump-organization-says-it-has-no-plans-to-build-buenos-aires-tower-idUSKBN14N1W7,Trump Organization says it has no plans to build Buenos Aires tower,Reuters,2017-01-04,"Trump Organization Inc.,TC Marks Buenos Aires,Trump Organization LLC D/B/A The Trump Organization",Lynn Walsh,Approved,,,2018-05-29
https://www.nytimes.com/2016/11/21/business/with-a-meeting-trump-renewed-a-british-wind-farm-fight.html?_r=0,"With a Meeting, Trump Renewed a British Wind Farm Fight",New York Times,2016-11-21,"Trump International Golf Club Scotland,Trump International Golf Links - Scotland",Lynn Walsh,Approved,,,2018-05-29
https://twitter.com/realDonaldTrump/status/800887087780294656?lang=en,Many people would like to see @Nigel_Farage represent Great Britain as their Ambassador to the United States. He would do a great job!,@realDonaldTrump,2016-11-21,,Lynn Walsh,Rejected,060518 LW: Not tied to a business,,2018-05-29
http://www.npr.org/sections/parallels/2016/11/22/502895797/whos-the-new-philippine-envoy-the-man-building-trump-tower-manila,Who's The New Philippine Envoy? The Man Building Trump Tower Manila,NPR,2016-11-22,"Trump Marks Philippines,Trump Organization Inc.,Trump Organization LLC D/B/A The Trump Organization",Lynn Walsh,Approved,,,2018-05-29
https://www.bloomberg.com/politics/articles/2016-11-22/trump-s-business-partner-will-be-manila-s-man-in-washington?cmpid=socialflow-twitter-business&amp;utm_content=business&amp;utm_campaign=socialflow-organic&amp;utm_source=twitter&amp;utm_medium=social,Trump’s Business Partner Will Be Manila’s Man in Washington,Bloomberg Politics,2016-11-22,"Trump Marks Philippines,Trump Organization Inc.,Trump Organization LLC D/B/A The Trump Organization",Lynn Walsh,Approved,,,2018-05-29
https://www.buzzfeed.com/paulmcleod/trump-foundation-received-150000-donation-in-exchange-for-20?utm_term=.hwJDzPkYww#.exE32wrn11,"Trump Foundation Received $150,000 Donation In Exchange For 2015 Ukraine Speech",BuzzFeed,2016-11-22,Donald J. Trump Foundation,Lynn Walsh,Approved,,,2018-05-29
https://www.bloomberg.com/politics/articles/2016-11-25/trump-s-stock-in-oil-pipeline-company-raises-concern,Trump’s Stock in Dakota Access Oil Pipeline Company Raises Concern,Associated Press,2016-11-25,Energy Transfer Partners,Lynn Walsh,Approved,,,2018-05-29
http://www.huffingtonpost.com/entry/donald-trump-turkey-business_us_5836188ae4b01ba68ac41d9f?,Trump Touted His Turkish Business Partner In A Call With President Erdogan,Huffington Post,2016-11-23,"Trump Towers Istanbul,Dogan Holding",Lynn Walsh,Approved,,,2018-05-29
https://www.washingtonpost.com/politics/trumps-presidency-overseas-business-deals-and-relations-with-foreign-governments-could-all-become-intertwined/2016/11/25/d2bc83f8-b0e2-11e6-8616-52b15787add0_story.html?utm_term=.6474a90a3947,"Trump’s presidency, overseas business deals and relations with foreign governments could all become intertwined",Washington Post,2016-11-25,"Trump Organization LLC D/B/A The Trump Organization,Trump Organization Inc.,Trump Scotland,Trump International Golf Links - Scotland,Trump International Golf Club Scotland,TC Marks Buenos Aires",Lynn Walsh,Approved,,,2018-05-29
https://www.nytimes.com/2016/11/26/us/politics/donald-trump-international-business.html?_r=1,"Potential Conflicts Around the Globe for Trump, the Businessman President",New York Times,2016-11-26,"Trump Hotel Rio De Janeiro,Trump Marks Philippines,Jose E. B. Antonio,DT India Venture,Trump International Golf Club Scotland,Trump International Golf Links - Scotland,Trump Scotland,Trump Towers Istanbul,DT Marks Rio,THC Rio,Trump Brazil,Trump Marks Mumbai,Trump Marks Istanbul II",Lynn Walsh,Approved,,,2018-05-29
http://m.govexec.com/excellence/promising-practices/2016/11/gsas-trump-hotel-lease-debacle/133424/,GSA's Trump Hotel Lease Debacle,Government Executive,2016-11-28,"General Services Administration,Trump Old Post Office,Trump International Hotel DC",Lynn Walsh,Approved,,,2018-05-29
https://www.forbes.com/sites/jenniferwang/2016/11/29/trumps-stock-portfolio-big-oil-big-banks-and-more-foreign-connections/#30d204ea464e,"Trump's Stock Portfolio: Big Oil, Big Banks And More Foreign Connections",Forbes,2016-11-29,"JP Morgan Chase,Wells Fargo,Morgan Stanley,Goldman Sachs,Ford Motors,Google,Berkshire Hathaway,Apple,Walmart,Merck,Celgene,Pfizer,GlaxoSmithKline,Proctor & Gamble,Johnson & Johnson,Shell,Chevron,Exxon Mobil,Phillips 66,Kinder Morgan,TransCanada,Bank of Nova Scotia,Toronto Dominion Bank,Royal Bank of Canada,Deutsche Bank,Bank of China",Lynn Walsh,Approved,060518 LW: This could be good to follow-up on,,2018-05-29
http://www.huffingtonpost.com/entry/donald-trump-bahrain_us_583de2a5e4b0c33c8e1282d0?inyv55o07g8horms4i,Bahrain To Hold Major Celebration At Donald Trump’s D.C. Hotel,Huffington Post,2016-11-29,"Trump Old Post Office,Trump International Hotel DC,Bahrain",Lynn Walsh,Approved,,,2018-05-29
https://www.publicintegrity.org/2016/11/29/20486/donald-trump-offering-huge-perks-inauguration-donors,Donald Trump offering huge perks for inauguration donors,Center for Public Integrity,2016-11-29,,Lynn Walsh,Rejected,,,2018-05-29
https://www.nytimes.com/2016/12/01/opinion/trumps-business-empire-isnt-just-an-ethical-disaster.html,Trump's Business Empire Isn't Just An Ethical Disaster,New York Times,2016-12-01,,Lynn Walsh,Rejected,,,2018-05-29
https://www.wsj.com/articles/donald-trump-had-investments-in-carrier-corp-s-parent-1480723443?mod=e2tw&amp;mg=id-wsj,Donald Trump Had Investments in Carrier Corp.’s Parent,Wall Street Journal,2016-12-02,Holds United Technologies,Lynn Walsh,Approved,,,2018-05-29
https://www.reuters.com/article/us-laddercapital-m-a-exclusive-idUSKBN13R276,Exclusive: Trump financier Ladder Capital explores sale - sources,Reuters,2016-12-02,Ladder Capital,Lynn Walsh,Approved,,,2018-05-29
http://www.politico.eu/article/donald-trump-abandons-plans-for-a-wall-in-ireland/?utm_content=buffer28049&amp;utm_medium=social&amp;utm_source=twitter.com&amp;utm_campaign=buffer,Donald Trump abandons plans for a wall … in Ireland,Politico,2016-12-06,,Lynn Walsh,Rejected,,,2018-05-29
http://variety.com/2016/tv/news/donald-trump-mark-burnett-celebrity-apprentice-executive-producer-1201937420/,"Donald Trump to Remain Executive Producer on ""Celebrity Apprentice"" ",Variety,2016-12-08,"NBC,MGM",Lynn Walsh,Approved,,,2018-05-29
http://www.newsweek.com/2016/12/23/donald-trump-foreign-business-deals-jeopardize-us-531140.html,How Donald Trump's Business Ties Are Already Jeopardizing U.S. Interests,Newsweek,2016-12-13,,Lynn Walsh,Rejected,,,2018-05-29
https://www.washingtonpost.com/world/the_americas/trump-company-pulls-its-name-off-a-brazil-hotel-caught-up-in-an-investigation/2016/12/13/c332dc2c-b078-4885-8a29-5f29b7da442e_story.html?utm_term=.3f329b9e8342,Trump company pulls its name off a Brazil hotel caught up in an investigation,Washington Post,2016-12-13,"Trump Hotel Rio De Janeiro,Trump International Hotels Management D/B/A Trump Hotel Collection",Lynn Walsh,Approved,,,2018-05-29
https://www.nytimes.com/2016/12/14/world/americas/donald-trump-hotel-rio-brazil-investigation.html,Trump Firm Quits Brazil Hotel Project That Was Named in Criminal Inquiry,New York Times,2016-12-14,"Trump Hotel Rio De Janeiro,Trump International Hotels Management D/B/A Trump Hotel Collection",Lynn Walsh,Approved,,,2018-05-29
https://www.nytimes.com/2016/12/21/business/economy/trump-organization-labor-unions-hotels.html,Trump Organization Moves to Avoid Possible Conflicts of Interest,New York Times,2016-12-21,"National Labor Relations Board,Trump Organization Inc.,Trump Organization LLC D/B/A The Trump Organization,Trump Hotel Rio De Janeiro,Trump Entrepreneur Initiative (Formerly Trump University Ca),Trump Las Vegas,Trump Old Post Office,Trump International Hotel DC",Lynn Walsh,Approved,,,2018-05-29
http://www.politico.com/story/2016/12/mar-a-lago-donald-trump-new-years-eve-party-233070,Mar-a-Lago sold tickets to New Year's Eve party with Trump,Politico,2016-12-30,Mar-A-Lago Club,Lynn Walsh,Approved,,,2018-05-29
http://mobile.nytimes.com/2016/12/31/world/asia/indonesia-donald-trump-resort.html,"Trump's Indonesia Projects, Still Moving Ahead, Create Potential Conflicts",New York Times,2016-12-31,"Hary Tanoesoedibjo,DT Bali Hotel Manager,DT Bali Golf Manager,DT Marks Bali,DT Bali Technical Services Manager,Trump International Hotels Management D/B/A Trump Hotel Collection,Carl C. Icahn",Lynn Walsh,Approved,,,2018-05-29
http://money.cnn.com/2017/01/23/news/donald-trump-resigns-business/,Trump Organization documents say he has resigned from more than 400 businesses,CNN,2017-01-23,"Trump Miami Resort,Trump Organization Inc.,Trump Organization LLC D/B/A The Trump Organization,Trump International Hotels Management D/B/A Trump Hotel Collection",Lynn Walsh,Approved,,,2018-05-29
https://www.nytimes.com/2017/02/07/us/politics/melania-trump-libel-suit-daily-mail.html,"In Libel Suit, Melania Trump Cites Loss of Chance to Make Millions",New York Times,2017-02-07,The Daily Mail,Lynn Walsh,Rejected,,,2018-05-29
https://www.forbes.com/sites/danalexander/2017/02/09/where-did-trumps-foundation-donate-its-money-irs-documents-reveal-surprising-answers/#4d1fcb907b52,Where Did Trump's Foundation Donate Its Money? IRS Documents Reveal Surprising Answers,Forbes,2017-02-09,"Police Athletic League,Donald J. Trump Foundation,William J. Clinton Foundation,Dana-Farber Cancer Institute,Operation Smile,New York Presbyterian Hospital,Hospital for Special Surgery,United Way",Lynn Walsh,Approved,,,2018-05-29
http://www.mcclatchydc.com/news/politics-government/congress/article134287344.html,White House says Melania isn’t in business. So why are her companies still active?,McClatchy,2017-02-22,"New Sunshine LLC,Melania LLC",Lynn Walsh,Approved,,,2018-05-29
https://therealdeal.com/2017/02/28/related-companies-makes-80m-stock-buy-in-trumps-second-largest-lender/,Related makes $80M stock buy in Trump Organization’s second-largest lender,The Real Deal,2017-02-28,"Ladder Capital,Related Companies",Lynn Walsh,Approved,,,2018-05-29
https://www.propublica.org/article/trump-pull-money-his-businesses-whenever-he-wants-without-telling-us,Trump Lawyer Confirms President Can Pull Money From His Businesses Whenever He Wants,ProPublica,2017-04-04,Donald J. Trump Revocable Trust,Lynn Walsh,Approved,,,2018-05-29
https://www.propublica.org/article/william-emanuel-nlrb-member-is-under-investigation-for-a-conflict-of-interest,NLRB Member Is Under Investigation for a Conflict of Interest,ProPublica,2018-01-26,National Labor Relations Board,Lynn Walsh,Approved,,,2018-05-29
https://www.bloomberg.com/news/articles/2018-02-14/trump-s-nlrb-scorned-by-grad-students,Trump’s Labor Board Picks Are Scaring Away Unions,Bloomberg,2018-02-14,National Labor Relations Board,Lynn Walsh,Rejected,,,2018-05-29
https://www.apnews.com/ce4dbdd4446c4862bb9c483425554c67/Trump-officials-fight-eviction-from-Panama-hotel-they-manage,Trump officials fight eviction from Panama hotel they manage,Associated Press,2018-02-24,"Trump International Hotel And Tower (Panama),Trump Marks Panama,Trump Panama Hotel Management,Panama Ocean Club Management,Trump Panama Condominium",Lynn Walsh,Approved,,,2018-05-29
https://www.washingtonpost.com/news/post-politics/wp/2018/02/26/israel-focused-charity-praises-trump-and-pays-him-at-mar-a-lago-gala/?utm_term=.59e4b7dbed4c,Israel-focused charity praises Trump — and pays him — at Mar-a-Lago gala,Washington Post,2018-02-26,"Mar-A-Lago Club,Truth About Israel",Lynn Walsh,Approved,,,2018-05-29
http://www.businessinsider.com/trump-organization-panama-hotel-conflict-2018-3,"Ethics experts say their ""fear has been realized"" as Trump faces one of his most consequential conflicts of interest yet",Business Insider,2018-03-03,"Trump International Hotel And Tower (Panama),Panama Ocean Club Management,Trump Panama Condominium,Trump Panama Hotel Management,Trump Marks Panama",Lynn Walsh,Approved,,,2018-05-29
https://nypost.com/2018/03/05/bank-reported-trump-lawyers-payment-to-stormy-daniels-as-suspicious/,Bank reported Trump lawyer’s payment to Stormy Daniels as suspicious,New York Post,2018-03-05,"Stephanie Clifford (Aka Stormy Daniels),U.S. Treasury Department",Lynn Walsh,Approved,,,2018-05-29
https://www.cnn.com/2018/03/08/opinions/stormy-daniels-trump-lawsuit-could-be-trouble-rangappa-opinion/index.html,Stormy Daniels suit could back Trump into a corner,CNN,2018-03-08,Stephanie Clifford (Aka Stormy Daniels),Lynn Walsh,Approved,,,2018-05-29
https://www.cnn.com/2018/06/07/politics/court-case-emoluments-foreign-payments-federal-judge-trump-businesses/index.html,Democratic lawmakers make their case in court to stop Trump business from accepting foreign payments,CNN,2018-06-07,"Lido City Development,China Trademark,Trump International Hotel DC,Saudi Arabia and Emirati Real Estate and Hotel Deals,Trump Old Post Office",Bob Goldstraw,Approved,,,2018-06-02
https://www.usatoday.com/story/news/2018/06/07/cozy-land-deals-meant-big-money-trump-family-and-friends/677126002/,Cozy land deals meant big money for Trump family and friends,USA TODAY,2018-06-07,"Signature Bank,Kushner Companies",Bob Goldstraw,Approved,061218 LW: I am adding since we will want this later once Kushner info. is added. Thanks! Need to determine if you want this one listed as a conflict of interest as it relates to Cohen and Trump family members as opposed to POTUS himself. It also involves multiple properties ,,2018-06-05
https://mobile.reuters.com/article/amp/idUSKCN1J12RP,Exclusive: China's ZTE signed preliminary agreement to lift U.S. ban: sources,Reuters,2018-06-05,"Commerce Department,MNC Group,Metallurgical Corporation of China (M.C.C.),Lido City Development,Hary Tanoesoedibjo,DT Lido Golf Manager,DT Lido Hotel Manager,DT Marks Lido,DT Lido Technical Services Manager",Lynn Walsh,Approved,,,2018-06-11
https://amp.businessinsider.com/charles-kushner-qatar-finance-minister-meeting-666-fifth-ave-2018-6,"Charles Kushner explains his meeting with Qatar's finance minister, says it was 'a wrong thing to do,' but 'none of us knew the rules of government'",Business Insider,2018-06-01,"Kushner Companies,666 Fifth Ave",Lynn Walsh,Approved,,,2018-06-12
https://www.nytimes.com/2018/05/28/business/ivanka-trump-china-trademarks.html,"Ivanka Trump Wins China Trademarks, Then Her Father Vows to Save ZTE",New York Times,2018-05-28,"China Trademark,Metallurgical Corporation of China (M.C.C.),Lido City Development,Hary Tanoesoedibjo,Ivanka Trump brand",Lynn Walsh,Approved,,,2018-06-12
http://thehill.com/homenews/house/389571-more-than-60-dem-lawmakers-demand-ethics-investigation-into-trumps,More than 60 Dem lawmakers demand ethics investigation into Trump's relationship with China,The Hill,2018-05-27,"Metallurgical Corporation of China (M.C.C.),Lido City Development,Hary Tanoesoedibjo,MNC Group",Lynn Walsh,Approved,,,2018-06-12
"http://www.chicagotribune.com/business/national/ct-kushner-cadre-softbank-funds-20180522-story,amp.html",Jared Kushner's tech startup seeking at least $100 million from Saudi-backed fund,Chicago Tribune,2018-05-22,"Cadre,SoftBank Vision Fund",Lynn Walsh,Approved,,,2018-06-12
https://www.npr.org/2017/05/11/527811206/sale-of-trump-property-raises-ethical-questions-about-potential-buyers-motives,Sale Of Trump Property Raises Ethical Questions About Potential Buyer's Motives,NPR,2017-05-11,"Trump International Hotels Management D/B/A Trump Hotel Collection,Trump Caribbean,Le Chateau des Palmiers",Lynn Walsh,Approved,,,2018-06-12
https://www.washingtonpost.com/news/post-politics/wp/2017/08/01/the-asking-price-for-president-trumps-caribbean-estate-has-been-cut-dramatically/?utm_term=.63fee190a91a,The asking price for President Trump’s Caribbean estate has been cut dramatically,Washington Post,2017-08-01,"Le Chateau des Palmiers,Trump Caribbean,Trump International Hotels Management D/B/A Trump Hotel Collection",Lynn Walsh,Approved,,,2018-06-12
https://www.washingtonpost.com/graphics/2018/politics/trump-hotel-events/?noredirect=on&utm_term=.e324edc7d621,Tracking who is spending money at President Trump’s D.C. hotel,Washington Post,2018-05-04,"Trump International Hotel DC,Trump Old Post Office",Lynn Walsh,Approved,,,2018-06-12
https://www.nytimes.com/2018/05/17/nyregion/kushner-deal-qatar-666-5th.html,Kushners Near Deal With Qatar-Linked Company for Troubled Tower,New York Times,2018-05-17,"666 Fifth Ave,Kushner Companies,Brookfield Asset Management",Lynn Walsh,Approved,,,2018-06-12
https://www.washingtonpost.com/politics/in-new-financial-disclosure-trump-reports-apparent-payment-through-his-personal-attorney-to-adult-film-star/2018/05/16/cf6171f2-592c-11e8-b656-a5f8c2a9295d_story.html?noredirect=on&utm_term=.ded1e82e4416,"In new financial disclosure, Trump reports apparent payment through his personal attorney to adult-film star",Washington Post,2018-05-16,"Stephanie Clifford (Aka Stormy Daniels),Michael Cohen",Lynn Walsh,Approved,,,2018-06-12
https://www.washingtonpost.com/politics/the-three-biggest-surprises-in-the-trump-organizations-financial-filings/2018/05/21/db2f0420-5c94-11e8-9ee3-49d6d4814c4c_story.html?utm_term=.64de8850a39d,The three biggest surprises in the Trump Organization’s financial filings,Washington Post,2018-05-21,"Mar-A-Lago Club,Trump Old Post Office,Trump International Hotel DC,Jupiter Golf Club,Trump International Golf Club - Florida,Trump International Golf Club Scotland,Trump International Golf Links - Scotland,Trump Scotland,Scotland Acquisitions",Lynn Walsh,Approved,,,2018-06-12
https://www.oge.gov/web/oge.nsf/All%20Documents/2C62A672E2AF5BAC8525825C00518004/$FILE/Letter%20to%20Congressman%20Krishnamoorthi.pdf?open,U.S. Office of Government Ethics (OGE) said the White House Counsel’s office is investigating whether loans to Jared Kushner’s family business broke laws or regulations,Office of Government Ethics,2018-03-22,"Kushner Companies,Apollo Management,Citibank",Lynn Walsh,Approved,,,2018-06-12
https://www.citizen.org/sites/default/files/may_2018_cohen_complaint_final.pdf,"Absence of registration by Michael D. Cohen as a foreign agent under FARA, and as a lobbyist under LDA",Press Release,2018-05-10,"Michael Cohen,Essential Consultants,Novartis,AT&T,Korean Aerospace Industries",Lynn Walsh,Approved,,,2018-06-12
https://www.cnn.com/2018/05/09/politics/michael-cohen-trump-lobbying/index.html,Inside Michael Cohen's aggressive pitch promising access to Trump,CNN,2018-05-10,"Michael Cohen,AT&T,Novartis,Korean Aerospace Industries,Stephanie Clifford (Aka Stormy Daniels),Essential Consultants",Lynn Walsh,Approved,,,2018-06-12
https://www.theguardian.com/us-news/2018/may/04/trump-qatar-buys-apartment-new-york-tower,Trump set to benefit as Qatar buys $6.5m apartment in New York tower,The Guardian,2018-05-04,"Trump Tower Commercial,Trump Tower Managing Member,Trump Tower Condominium,Qatar Government",Lynn Walsh,Approved,,,2018-06-12
https://www.palmbeachpost.com/news/national-govt--politics/mar-lago-events-raise-money-for-politicos-revenues-for-trump/F0EK7JzzOeDTT6nTSe8qyO/amp.html,"Mar-a-Lago events raise money for politicos, revenues for Trump",Palm Beach Post,2018-05-04,"Mar-A-Lago Club,Trump Miami Resort",Lynn Walsh,Approved,,,2018-06-12
https://www.propublica.org/article/trump-inc-podcast-vietnam-casino,"The Hidden Hand of a Casino Company in Trump’s Contact with Vietnam — “Trump, Inc.” Podcast",ProPublica,2018-04-25,"Marc Kasowitz,Country of Vietnam",Lynn Walsh,Approved,,,2018-06-12
https://amp.thedailybeast.com/trump-org-gifts-treasury-dollar150k-in-foreign-government-emoluments,Trump Org ‘Gifts’ Treasury $150K in Foreign ‘Emoluments’,Daily Beast,2018-04-18,"Trump Organization Inc.,Trump Organization LLC D/B/A The Trump Organization,U.S. Treasury Department",Lynn Walsh,Approved,,,2018-06-12
https://www.marketwatch.com/story/philippine-government-party-to-be-held-at-trumps-dc-hotel-2018-04-19,Philippine government party to be held at Trump’s DC hotel,MarketWatch,2018-04-19,"Trump Old Post Office,Trump International Hotel DC,Philippine Government",Lynn Walsh,Approved,,,2018-06-12
https://www.nytimes.com/2018/04/09/us/politics/trump-mueller-ukraine-victor-pinchuk.html,"Mueller Investigating Ukrainian’s $150,000 Payment for a Trump Appearance",New York Times,2018-04-09,"Donald J. Trump Foundation,Victor Pinchuk,Michael Cohen",Lynn Walsh,Approved,,,2018-06-12
https://newrepublic.com/article/147351/political-corruption-art-deal,Political Corruption and the Art of the Deal How Trump's business partnerships in India are creating conflicts of interest in the White House and corrupting the presidency,The New Republic,2018-03-21,"DT India Venture,Trump International Hotels Management D/B/A Trump Hotel Collection",Lynn Walsh,Approved,,,2018-06-12
https://www.cnn.com/2018/03/28/politics/emoluments-lawsuit-trump-hotel/index.html,Judge allows lawsuit alleging Trump took illegal foreign gifts,CNN,2018-03-28,"Trump Old Post Office,Trump International Hotel DC",Lynn Walsh,Approved,,,2018-06-12
https://wamu.org/story/18/03/21/summons-issued-trump-emoluments-case/,Summons Issued For Trump In Emoluments Case,WAMU,2018-03-21,"Trump Old Post Office,Trump International Hotel DC",Lynn Walsh,Approved,,,2018-06-12
https://www.bloomberg.com/amp/news/articles/2018-03-13/kushner-conflict-cloud-hovers-over-brooklyn-sale-linked-to-japan,Kushner Conflict Cloud Hovers Over Brooklyn Sale Linked to Japan,Bloomberg,2018-03-13,"Kushner Companies,Nippon Telegraph & Telephone Corp. (NTT),175 Pearl Street,Normandy Real Estate Partners",Lynn Walsh,Approved,,,2018-06-12
http://www.mcclatchydc.com/article204578309.html,Ivanka Trump never cut ties with the Trump Organization. That’s turned into a problem.,McClatchy,2018-03-12,"Trump Organization Inc.,Trump Organization LLC D/B/A The Trump Organization",Lynn Walsh,Approved,,,2018-06-12
https://mobile.nytimes.com/2018/03/10/business/trumps-kushners-hotel-deals.html?referer=https://amp-cnn-com.cdn.ampproject.org/c/s/amp.cnn.com/cnn/2018/03/11/politics/new-york-times-jared-kushner-donald-trump-hotel/index.html,"Out of Public View, Trumps and Kushners Are Talking Business",New York Times,2018-03-10,"Kushner Companies,Trump Organization Inc.,Trump Organization LLC D/B/A The Trump Organization,Pier Village",Lynn Walsh,Approved,,,2018-06-12
https://www.apnews.com/ce4dbdd4446c4862bb9c483425554c67/Trump-officials-fight-eviction-from-Panama-hotel-they-manage,Trump officials fight eviction from Panama hotel they manage,Associated Press,2018-02-24,"Panama Ocean Club Management,Trump Panama Hotel Management,Trump International Hotel And Tower (Panama),Trump Marks Panama,Trump Panama Condominium",Lynn Walsh,Approved,,,2018-06-12
https://www.washingtonpost.com/politics/new-york-files-suit-against-president-trump-alleging-his-charity-engaged-in-illegal-conduct/2018/06/14/c3cbf71e-6fc9-11e8-bd50-b80389a4e569_story.html?utm_term=.4ceb5b79cb06,"New York files civil suit against President Trump, alleging his charity engaged in ‘illegal conduct’",Washington Post,2018-06-14,"Donald J. Trump Foundation,Internal Revenue Service,Federal Election Commission",Heidi Johnson,Approved,,,2018-06-12
https://www.washingtonpost.com/local/public-safety/obscure-no-more-the-emoluments-clause-is-back-again-in-a-federal-court/2018/06/09/cf052832-6a72-11e8-9e38-24e693b38637_story.html?utm_term=.4e5171f2a016,"Trump can profit from foreign government business at his hotel if he doesn’t do favors in return, Justice Dept. argues",Washington Post,2018-06-12,"Trump International Hotel DC,Trump Old Post Office,U.S Department of Justice",Heidi Johnson,Approved,,,2018-06-18
https://www.washingtonpost.com/politics/jared-kushner-and-ivanka-trump-made-at-least-82-million-in-outside-income-last-year-while-serving-in-the-white-house-filings-show/2018/06/11/a41d0720-6dab-11e8-bd50-b80389a4e569_story.html?utm_term=.9b5baa8980b3,"Jared Kushner and Ivanka Trump made at least $82 million in outside income last year while serving in the White House, filings show",Washington Post,2018-06-12,"Trump International Hotel DC,Trump Old Post Office,Quail Ridge,Kushner Companies,Trump Organization Inc.,Trump Organization LLC D/B/A The Trump Organization,Ivanka M. Trump Charitable Fund,Penguin Random House,Vegas Seven,Veggie Grill,666 Fifth Ave",Heidi Johnson,Approved,,,2018-06-18
https://www.washingtonpost.com/politics/congressional-democrats-seek-ruling-against-trump-to-enforce-emoluments-clause/2018/06/07/2469538e-6a55-11e8-bea7-c8eb28bc52b1_story.html?utm_term=.d25a12693375,Congressional Democrats seek ruling against Trump to enforce emoluments clause,Washington Post,2018-06-07,"Trump Old Post Office,Trump International Hotel DC,U.S Department of Justice,Trump Organization Inc.,Trump Organization LLC D/B/A The Trump Organization",Heidi Johnson,Approved,,,2018-06-18
https://www.washingtonpost.com/business/economy/trump-officials-acted-on-energy-policies-suggested-by-coal-tycoon-documents-show/2018/06/06/77685792-69ce-11e8-9e38-24e693b38637_story.html?utm_term=.b0db00dc5295,"Trump officials took actions on energy policies suggested by coal tycoon, documents show",Washington Post,2018-06-06,,Heidi Johnson,To Discuss,"6-19-18 LW: This is an conflict of interest, just is not tied to his business, BUT Murray is a donor. So, do we include? HJ:I would say this conflict is either with Murray Energy, or a campaign donation conflict but couldn't find either on the list.",,2018-06-18
https://www.npr.org/2018/06/12/619101573/ivanka-trump-and-jared-kushner-earned-more-than-80-million-last-year-filings-sho,"Ivanka Trump And Jared Kushner Earned More Than $80 Million Last Year, Filings Show",NPR,2018-06-12,"Trump International Hotel DC,Ivanka Trump brand,Kushner Companies,Trump Organization Inc.,Trump Organization LLC D/B/A The Trump Organization",Heidi Johnson,Approved,,,2018-06-18
https://www.npr.org/2018/06/07/617310039/trump-organization-deals-in-asia-fuel-debate-on-emoluments-lawsuit,Trump Organization Deals In Asia Fuel Debate On Emoluments Lawsuit,NPR,2018-06-07,"Metallurgical Corporation of China (M.C.C.),U.S Department of Justice,Lido City Development,DT Lido Golf Manager,DT Marks Lido,DT Lido Hotel Manager,DT Lido Technical Services Manager,Hary Tanoesoedibjo",Heidi Johnson,Approved,"6-19-18 LW: YEs, added the conflict. HJ: Conflict is with Indonesia hotel development?",,2018-06-18
https://www.npr.org/2018/06/14/620103280/new-york-attorney-general-sues-trump-foundation-and-its-board-of-directors,New York Attorney General Sues Trump Foundation And Its Board Of Directors,NPR,2018-06-14,Donald J. Trump Foundation,Heidi Johnson,Approved,,,2018-06-18
https://www.npr.org/2018/06/15/620230403/legal-defense-funds-for-trump-allies-multiply,Legal Defense Funds For Trump Allies Multiply,NPR,2018-06-15,"""The Patriot Legal Defense Fund Trust, LLC"",U.S Department of Justice,Internal Revenue Service,Office of Government Ethics",Heidi Johnson,Approved,"6-19-18 LW: I am creating this entity right now. HJ: The Patriot Legal Defense (ph) Fund Trust, LLC ",,2018-06-18
https://www.npr.org/2018/06/14/619959270/new-yorks-attorney-general-sues-the-trump-foundation,New York's Attorney General Sues The Trump Foundation,NPR,2018-06-14,"Donald J. Trump Foundation,Internal Revenue Service,Federal Election Commission",Heidi Johnson,Approved,,,2018-06-18
https://www.npr.org/2018/06/14/619974462/n-y-attorney-general-files-suit-against-trump-foundation,N.Y. Attorney General Files Suit Against Trump Foundation,NPR,2018-06-14,"Donald J. Trump Foundation,Internal Revenue Service,Federal Election Commission",Heidi Johnson,Approved,,,2018-06-18
http://www.mcclatchydc.com/news/politics-government/white-house/article210477439.html,"Buyers tied to Russia, former Soviet republics paid $109 million cash for Trump properties",McClatchy,2018-06-19,"Trump Organization Inc.,Trump Tower I,Trump Organization LLC D/B/A The Trump Organization,U.S. Treasury Department,Trump Marks Sunny Isles II,Trump Marks Sunny Isles I,Trump Miami Resort,Trump Tower Managing Member,Trump Tower Condominium,DT Tower I,DT Tower II",Bob Goldstraw,Approved,,,2018-06-19
https://www.nbcnews.com/politics/donald-trump/new-york-attorney-general-sues-trump-foundation-what-might-happen-n883901,New York attorney general sues Trump Foundation: What might happen next,NBC,2018-06-16,"Donald J. Trump Foundation,Internal Revenue Service,Federal Election Commission",Bob Goldstraw,Approved,,,2018-06-19
https://www.nbcnews.com/think/opinion/trump-foundation-lawsuit-highlights-how-private-charities-can-be-used-ncna883516,Trump Foundation lawsuit highlights how private charities can be used as slush funds when no one's looking,NBC,2018-06-15,Donald J. Trump Foundation,Bob Goldstraw,Rejected,"6-19-18 LW: I am going to reject this link since it is an opinion piece. BG: As an opinion piece, maybe this doesn't belong here?",,2018-06-19
https://www.cnn.com/2018/06/14/opinions/new-york-ag-lawsuit-trump-opinion-dantonio/index.html,Trump faces what he's long avoided: being held to account,CNN,2018-06-15,"Donald J. Trump Foundation,Mar-A-Lago Club",Bob Goldstraw,Rejected,6-19-18 LW: Rejected because it is an opinion article.,,2018-06-19
https://www.mcclatchydc.com/news/politics-government/white-house/article213164779.html,Company owned by Chinese government awarded another contract at Trump development,McClatchy,2018-06-14,"Trump World Golf Club Dubai,DAMAC Properties,China State Construction Engineering Corp.",Bob Goldstraw,Approved,,,2018-06-19
https://www.cnn.com/2018/06/11/politics/trump-emoluments-hearing/index.html,Trump admin says Trump can profit from foreign hotel guests,CNN,2018-06-11,"Trump International Hotel DC,Trump Old Post Office,U.S Department of Justice",Bob Goldstraw,Approved,,,2018-06-19
https://edition.cnn.com/2018/06/19/politics/trump-foundation-q-and-a/,Exactly how much trouble is the Trump Foundation in?,CNN,2018-06-19,"Donald J. Trump Foundation,Internal Revenue Service",Bob Goldstraw,Approved,,,2018-06-19
https://www.washingtonpost.com/news/post-politics/wp/2018/02/26/israel-focused-charity-praises-trump-and-pays-him-at-mar-a-lago-gala/?noredirect=on&utm_term=.8e425bfe3d1e,Israel-focused charity praises Trump — and pays him — at Mar-a-Lago gala,Washington Post,2018-02-26,Mar-A-Lago Club,Lynn Walsh,Approved,,,2018-06-19
http://www.foxnews.com/politics/2018/02/21/trump-jr-steals-spotlight-from-canadas-trudeau-as-india-visits-coincide.html,Trump Jr. steals spotlight from Canada's Trudeau as India visits coincide,Fox News,2018-02-20,"DT India Venture,Trump International Hotels Management D/B/A Trump Hotel Collection,Trump International Management,Trump Organization Inc.,Trump Organization LLC D/B/A The Trump Organization",Lynn Walsh,Approved,,,2018-06-19
https://www.washingtonpost.com/world/trump-jr-to-give-foreign-policy-speech-while-on-unofficial-business-trip-to-india/2018/02/19/37d00c37-d9e8-40c4-934b-0a26b8160dcd_story.html?utm_term=.8a66e23946b3,Trump Jr. to give foreign policy speech while on ‘unofficial’ business trip to India,Washington Post,2018-02-19,"Trump Organization Inc.,Trump Organization LLC D/B/A The Trump Organization,DT India Venture,Trump International Hotels Management D/B/A Trump Hotel Collection,Trump International Management",Lynn Walsh,Approved,,,2018-06-19
https://www.bloomberg.com/news/articles/2018-02-15/kushner-investors-said-to-be-subpoenaed-by-u-s-tax-authorities?utm_content=politics&utm_campaign=socialflow-organic&utm_source=twitter&utm_medium=social&cmpid%3D=socialflow-twitter-politics,"Kushner Investors Subpoenaed by U.S. Tax Authorities, Source Says",Bloomberg,2018-02-15,"Kushner Companies,U.S Department of Justice,Internal Revenue Service",Lynn Walsh,Approved,,,2018-06-19
https://www.forbes.com/trump-tenants/#4fcc6c891d32,Landlord-in-Chief,Forbes,2018-02-13,"DT Tower I,DT Tower II,Trump Tower Commercial,Trump Tower Managing Member,Trump Tower I,Trump International Hotel And Tower Condominium,Trump Organization Inc.,Trump Organization LLC D/B/A The Trump Organization",Lynn Walsh,Approved,,,2018-06-19
https://www.fastcompany.com/40526424/trump-organization-revives-project-in-dominican-republic-roiling-local-politics,"Trump Organization Revives Project In Dominican Republic, Roiling Local Politics",Fast Company,2018-02-07,"Trump International Hotels Management D/B/A Trump Hotel Collection,Trump International Management,Cap Cana,Trump Organization Inc.,Trump Organization LLC D/B/A The Trump Organization",Lynn Walsh,Approved,,,2018-06-19
http://www.newsweek.com/if-trump-organization-launches-dominican-republic-projects-it-could-be-grounds-801765,TRUMP ORGANIZATION'S DOMINICAN REPUBLIC PROJECTS COULD BE GROUNDS FOR IMPEACHMENT: EXPERTS,Newsweek,2018-02-10,"Trump Organization Inc.,Trump Organization LLC D/B/A The Trump Organization,Cap Cana,Trump International Hotels Management D/B/A Trump Hotel Collection,Trump International Management",Lynn Walsh,Approved,,,2018-06-19
https://www.cnn.com/2018/02/03/politics/trump-hotel-gsa/index.html,Document shows GSA employees spending at the Trump Hotel in DC,CNN,2018-02-03,"Trump Old Post Office,Trump International Hotel DC,General Services Administration",Lynn Walsh,Approved,,,2018-06-19
https://www.theguardian.com/us-news/2018/feb/04/jared-kushner-property-empire-trump,"Jared Kushner's property empire had to thrive under Trump, right? Wrong",The Guardian,2018-02-04,Kushner Companies,Lynn Walsh,Approved,,,2018-06-19
https://sunlightfoundation.com/2018/02/02/this-week-in-conflicts-of-interest-a-resignation-disclosure-required-and-a-chance-to-meet-donald-trump-jr/,TRUMP INC: A CHRONICLE OF PRESIDENTIAL CONFLICTS,Citizens for Responsibility and Ethics in Washington (CREW),2018-01-25,"Trump Organization Inc.,Trump Organization LLC D/B/A The Trump Organization,Trump Old Post Office,Mar-A-Lago Club,Trump International Hotels Management D/B/A Trump Hotel Collection,Trump International Hotel DC",Lynn Walsh,Approved,"7-15-18 SM: Story said ""Late January"" so I put in 1/25/2018 ",,2018-06-19
https://www.damacproperties.com/en/media-centre/press-releases/damac-awards-infrastructure-works-contract-at-akoya-oxygen-to-cscec-as-construction-spend,DAMAC awards infrastructure works contract at AKOYA Oxygen to CSCEC as construction spend tops AED 5.6 billion,Press Release,2018-06-10,"Trump Organization Inc.,Trump Organization LLC D/B/A The Trump Organization,Trump International Hotels Management D/B/A Trump Hotel Collection,DT Marks Dubai,DT Marks Dubai II,THC Dubai II Hotel Manager,Trump World Golf Club Dubai,DT Dubai Golf Manager,DT Dubai II Golf Manager,Trump Marks Dubai,China State Construction Engineering Corp.,DAMAC Properties",Lynn Walsh,Approved,,,2018-06-19
http://www.mcclatchydc.com/news/politics-government/white-house/article172443417.html,Trump promised not to work with foreign entities. His company just did,McClatchy,2017-09-01,"Trump Organization Inc.,Trump Organization LLC D/B/A The Trump Organization,Trump International Hotels Management D/B/A Trump Hotel Collection,DT Marks Dubai,DT Marks Dubai II,THC Dubai II Hotel Manager,Trump World Golf Club Dubai,DT Dubai Golf Manager,DT Dubai II Golf Manager,Trump Marks Dubai,China State Construction Engineering Corp.,DAMAC Properties",Lynn Walsh,Approved,,,2018-06-27
http://www.constructionweekonline.com/article-49557-cscec-lands-19m-damac-contract-for-dubais-akoya-oxygen/,CSCEC lands $19m Damac contract for Dubai's Akoya Oxygen,Construction Week Online,2018-06-10,"Trump Organization Inc.,Trump Organization LLC D/B/A The Trump Organization,Trump International Hotels Management D/B/A Trump Hotel Collection,DT Marks Dubai,DT Marks Dubai II,THC Dubai II Hotel Manager,Trump World Golf Club Dubai,DT Dubai Golf Manager,DT Dubai II Golf Manager,Trump Marks Dubai,China State Construction Engineering Corp.,DAMAC Properties",Lynn Walsh,Approved,,,2018-06-27
http://money.cnn.com/2018/06/11/news/ivanka-trump-jared-kushner-finances/index.html,"Ivanka Trump and Jared Kushner detail vast wealth: Real estate, fashion and investments ",CNN,2018-06-11,"Kushner Companies,Ivanka Trump brand,Trump Organization Inc.,Trump Organization LLC D/B/A The Trump Organization,Ivanka M. Trump Charitable Fund,Ivanka Trump Business Trust,Westminister Management",Bob Goldstraw,Approved,,,2018-06-27
https://www.mcclatchydc.com/news/nation-world/article213846794.html,The winding money trail from Kazakhstan to Trump SoHo,McClatchy,2018-06-26,"Trump Soho,Trump Organization Inc.",Bob Goldstraw,Approved,,,2018-06-27
https://www.cnn.com/2018/06/28/politics/trump-irs-nominee-charles-rettig/index.html,Trump IRS nominee owns property at Trump-branded hotel,CNN,2018-06-28,"Trump International Hotel Hawaii,Internal Revenue Service",Bob Goldstraw,Approved,,,2018-06-30
https://www.washingtonpost.com/politics/prosecutors-cancel-meeting-with-stormy-daniels/2018/06/25/ff69bdb2-7887-11e8-8df3-007495a78738_story.html?utm_term=.5773519d5874,Prosecutors cancel meeting with Stormy Daniels,Washington Post,2018-06-28,Stephanie Clifford (Aka Stormy Daniels),Heidi Johnson,Approved,,,2018-07-02
https://www.washingtonpost.com/politics/kushners-ties-to-israeli-firms-at-issue-as-he-visits-region-on-peace-mission/2018/06/21/cc3a3438-730c-11e8-9780-b1dd6a09b549_story.html?utm_term=.88424d3f7ac4,Kushner’s ties to Israeli firms are at issue as he visits region on peace mission,Washington Post,2018-06-22,Kushner Companies,Heidi Johnson,Approved,,,2018-07-02
https://www.washingtonpost.com/politics/trump-business-dealings-raises-serious-concerns-ethics-office-says/2018/06/22/b71de20a-7642-11e8-9780-b1dd6a09b549_story.html?utm_term=.6784ef6af365,"Trump business dealings raise ‘serious concerns,’ ethics office says",Washington Post,2018-06-23,"Trump International Development,Metallurgical Corporation of China (M.C.C.),Lido City Development,DT Marks Lido,DT Lido Hotel Manager,DT Lido Golf Manager,DT Lido Technical Services Manager,MNC Group",Heidi Johnson,Approved,,,2018-07-02
https://www.nbcnews.com/politics/donald-trump/news-media-paid-melania-trump-thousands-use-photos-positive-stories-n883111, News media paid Melania Trump thousands for use of photos in 'positive stories only',NBC,2018-07-02,"Melania LLC,Getty Images",Bob Goldstraw,Approved,,,2018-07-02
https://mobile.nytimes.com/2018/06/24/us/politics/trump-challenge-coins.html?hp&action=click&pgtype=Homepage&clickSource=story-heading&module=first-column-region&region=top-news&WT.nav=top-news,Trump Leaves His Mark on a Presidential Keepsake,New York Times,2018-06-24,"Trump Organization Inc.,Trump Organization LLC D/B/A The Trump Organization,Mar-A-Lago Club",Lynn Walsh,Approved,,,2018-07-02
http://www.newsweek.com/ocasio-cortez-impeach-trump-997615?amp=1,Alexandria Ocasio-Cortez Says Donald Trump Should be Impeached Over Emoluments Clause Violations from Day One of his Presidency,Newsweek,2018-06-27,"Trump Organization Inc.,Trump International Hotel DC,Trump International Hotels Management D/B/A Trump Hotel Collection,Trump Old Post Office",Lynn Walsh,Approved,,,2018-07-03
http://www.newsweek.com/donald-trump-irs-nominee-hotel-999627?amp=1,Donald Trump's IRS Nominee Didn't Disclose he Owned Multiple Properties in Trump Hotel,Newsweek,2018-06-28,"Internal Revenue Service,Trump International Hotel Hawaii",Lynn Walsh,Approved,,,2018-07-03
https://mobile.nytimes.com/2018/06/21/business/trumps-kushners-end-hotel-deals.html,Trumps and Kushners Cut Ties on Hotel Deals That Raised Eyebrows,New York Times,2018-06-21,"Trump Organization Inc.,Trump Organization LLC D/B/A The Trump Organization,Kushner Companies,Westminister Management,Scion,American Idea",Lynn Walsh,Approved,,,2018-07-03
https://www.propublica.org/article/political-and-taxpayer-spending-at-trump-properties-16-1-million,We’ve Found $16.1 Million in Political and Taxpayer Spending at Trump Properties,ProPublica,2018-06-27,"Trump Organization Inc.,Trump Organization LLC D/B/A The Trump Organization,Trump International Hotels Management D/B/A Trump Hotel Collection,Tag Air,U.S. Department of Defense,Department of Homeland Security,Trump International Hotel DC,Trump Old Post Office,Mar-A-Lago Club,Trump Tower I,Trump Tower Commercial",Lynn Walsh,Approved,,,2018-07-03
https://www.mcclatchydc.com/news/politics-government/white-house/article214265614.html,Trump lost millions at golf courses in Scotland. U.S. voters weren’t told that,McClatchy,2018-07-13,"Trump Turnberry,Trump Organization Inc.,Mar-A-Lago Club,Trump Scotland,Trump International Golf Links - Scotland,Trump International Golf Club Scotland,Scotland Acquisitions",Bob Goldstraw,Approved,,,2018-07-04
https://www.mcclatchydc.com/news/politics-government/white-house/article215089160.html,Trump developer ignores demands for information on Chinese deal at Dubai development,McClatchy,2018-07-18,"Trump Organization Inc.,Trump World Golf Club Dubai",Bob Goldstraw,Approved,,,2018-07-19
https://www.nytimes.com/2018/07/11/business/jared-kushner-business-washington.html,Kushner’s Firm Deepens Ties to Those With Business in Washington,New York Times,2018-07-11,"Kushner Companies,Brookfield Asset Management",Lynn Walsh,Approved,,,2018-07-19
https://www.washingtonpost.com/amphtml/news/worldviews/wp/2018/07/16/canadas-biggest-clothing-store-just-pulled-ivanka-trumps-brand-from-its-shelves/,One of Canada’s biggest clothing stores just pulled Ivanka Trump’s brand from its shelves,Washington Post,2018-07-16,Ivanka Trump brand,Lynn Walsh,Approved,,,2018-07-19
https://www.washingtonpost.com/amphtml/politics/as-tariffs-near-trumps-business-empire-includes-china-ties/2018/07/05/9bfd1056-7956-11e8-aeee-4d04c8ac6158_story.html,"As tariffs near, Trump’s business empire retains ties to China",Washington Post,2018-07-05,"Trump World Golf Club Dubai,Trump Marks Dubai,DT Dubai Golf Manager,DT Dubai II Golf Manager,THC Dubai II Hotel Manager,DT Marks Dubai,DT Marks Dubai II,Trump Tower Commercial,Trump Tower Managing Member,DT Tower I,China State Construction Engineering Corp.,Metallurgical Corporation of China (M.C.C.),Lido City Development,Ivanka Trump brand",Lynn Walsh,Approved,,,2018-07-19
https://www.npr.org/2018/07/21/631164949/the-value-of-russia-putin-to-trump,"The Value Of Russia, Putin To Trump",NPR,2018-07-21,"Trump Organization Inc.,Trump Organization LLC D/B/A The Trump Organization",Heidi Johnson,Approved,I'm confused about this one. Interviewee wants tax returns to see Russian business ties. LW Note: I am connecting it to Trump Organization since it generically speaks to his overall business dealings.,,2018-07-22
https://www.wnycstudios.org/story/trump-inc-podcast-government-employees-spend-your-money-trump-hotels,Government Employees Spend Your Money at Trump Hotels,ProPublica,2018-06-28,"Trump Old Post Office,Trump International Hotel DC,Mar-A-Lago Club",Heidi Johnson,Approved,,,2018-07-22
https://www.washingtonpost.com/politics/report-trumps-stay-at-his-scotland-resort-cost-68800/2018/07/17/4fce3e28-89ee-11e8-8aea-86e88ae760d8_story.html?utm_term=.6deb586c75f4,"Report: Trump’s stay at his Scotland resort cost $68,800",Washington Post,2018-06-17,Trump Turnberry,Heidi Johnson,Approved,,,2018-07-22
https://www.cnn.com/2018/07/24/politics/ivanka-trump-brand-company/index.html,Ivanka Trump to shut down fashion company,CNN,2018-07-24,"Trump Organization Inc.,Ivanka Trump brand",Bob Goldstraw,Approved,,,2018-07-22
https://www.cnn.com/2018/07/25/politics/emoluments-case-donald-trump-washington-dc/index.html,Judge allows case alleging illegal foreign gifts to proceed against President,CNN,2018-07-25,"Trump Organization Inc.,Trump International Hotel DC,Trump Old Post Office",Bob Goldstraw,Approved,,,2018-07-26
https://www.washingtonpost.com/politics/federal-judge-allows-emoluments-case-against-trump-to-proceed/2018/07/25/c8070206-8fa4-11e8-8322-b5482bf5e0f5_story.html?utm_term=.0773c88e9386,Federal judge allows emoluments case against Trump to proceed,Washington Post,2018-07-25,"Trump Organization Inc.,Trump International Hotel DC,Trump Old Post Office",Heidi Johnson,Approved,,,2018-07-26
https://www.npr.org/2018/07/25/632300960/federal-lawsuit-against-president-trumps-business-interests-allowed-to-proceed,Federal Lawsuit Against President Trump's Business Interests Allowed To Proceed,NPR,2018-07-25,"Trump Organization Inc.,Trump International Hotel DC,Trump Old Post Office",Heidi Johnson,Approved,,,2018-07-26
https://www.washingtonpost.com/politics/trump-has-embraced-the-big-money-donor-world-he-once-shunned/2018/06/30/0ef53478-7630-11e8-9780-b1dd6a09b549_story.html?utm_term=.8ace1c62b560,Trump has embraced the big-money donor world he once shunned,Washington Post,2018-07-02,"Trump International Hotel DC,Trump Old Post Office",Heidi Johnson,Approved,,,2018-07-26
https://www.theatlantic.com/amp/article/566051/,A Crack in the Ivanka Trump Brand,The Atlantic,2018-07-25,"Ivanka Trump brand,Trump Organization Inc.,Trump Organization LLC D/B/A The Trump Organization",Lynn Walsh,Approved,,,2018-07-27
https://www.businessinsider.com/ivanka-trump-closing-fashion-business-ethics-experts-respond-2018-7,Ethics experts 'underwhelmed' at Ivanka Trump shuttering her fashion business — and wonder what she'll do about her stake in the Trump Organization,Business Insider,2018-07-24,"Ivanka Trump brand,Trump Organization Inc.,Trump Organization LLC D/B/A The Trump Organization",Lynn Walsh,Approved,,,2018-07-27
https://www.wsj.com/articles/trump-organization-finance-chief-called-to-testify-before-federal-grand-jury-1532622947?mod=e2twp,Trump Organization Finance Chief Called to Testify Before Federal Grand Jury,Wall Street Journal,2018-07-26,"Trump Organization Inc.,Trump Organization LLC D/B/A The Trump Organization",Lynn Walsh,Approved,,,2018-07-27
https://www.nytimes.com/2018/07/26/business/ken-kurson-jared-kushner.html,A Kushner Ally Was Up for a Federal Post. Then the F.B.I. Began Digging.,New York Times,2018-07-26,"National Endowment for the Humanities,FBI,The New York Observer",Lynn Walsh,Approved,,,2018-07-27
https://www.washingtonpost.com/business/2018/07/30/trump-intervenes-fbi-headquarters-project/?utm_term=.75781ffbd5ab,Trump intervenes in FBI headquarters project,Washington Post,2018-07-30,"Trump International Hotel DC,Trump Old Post Office,FBI,General Services Administration",Heidi Johnson,Approved,,,2018-07-27
https://www.washingtonpost.com/news/morning-mix/wp/2018/07/27/trumps-emoluments-battle-how-a-scholars-journey-through-200-years-of-dictionaries-helped-win-a-historic-ruling/?utm_term=.25bb86879b9b,Trump’s ‘emoluments’ battle: How a scholar’s search of 200 years of dictionaries helped win a historic ruling,Washington Post,2018-07-27,"Trump International Hotel DC,Trump International Development,Trump Organization Inc.,Trump Organization LLC D/B/A The Trump Organization",Heidi Johnson,Approved,"I feel like this article should be in here, just not entirely sure.  Amazing article though!",,2018-08-01
https://www.washingtonpost.com/politics/at-president-trumps-hotel-in-new-york-revenue-went-up-this-spring--thanks-to-a-visit-from-big-spending-saudis/2018/08/03/58755392-9112-11e8-bcd5-9d911c784c38_story.html?utm_term=.3a97c3f2cf0f,"At President Trump’s hotel in New York, revenue went up this spring — thanks to a visit from big-spending Saudis",Washington Post,2018-08-03,"Trump International Hotels Management D/B/A Trump Hotel Collection,Trump Tower Condominium,Trump Tower Commercial,Trump Tower Managing Member,Trump Organization Inc.,Trump Organization LLC D/B/A The Trump Organization",Heidi Johnson,Approved,,,2018-08-01
https://money.cnn.com/2018/08/03/news/companies/kushner-666-fifth-avenue-brookfield/index.html,Kushner Companies offloads troubled 666 Fifth Avenue flagship,CNN,2018-08-03,"Kushner Companies,Brookfield Asset Management",Lynn Walsh,Approved,,,2018-08-04
https://abcnews.go.com/amp/Business/wireStory/trumps-scottish-resort-expand-raising-ethics-concerns-56822706,"Trump's Scottish resort to expand, raising ethics concerns",ABC News,2018-07-25,"Trump International Development,Trump International Golf Links - Scotland,Trump Organization Inc.,Trump Organization LLC D/B/A The Trump Organization",Lynn Walsh,Approved,,,2018-08-04
https://amp.fastcompany.com/90178695/how-trumps-dc-hotel-works-to-help-swamp-the-drain,How Trump’s D.C. hotel works to help swamp the drain,Fast Company,2018-07-05,"Trump International Hotel DC,Trump Old Post Office",Lynn Walsh,Approved,,,2018-08-04
https://www.businessinsider.com/ivanka-trump-store-permanently-shut-down-2018-8,Ivanka Trump's only store shut down overnight and transformed into a Trump-branded store,Business Insider,2018-08-01,Ivanka Trump brand,Lynn Walsh,Approved,,,2018-08-04
http://fortune.com/2018/07/27/who-is-allen-weisselberg-trump-finance-chief/,Who Is Allen Weisselberg? The Trump Organization CFO Has Been Called to Testify in the Michael Cohen Probe,Fortune,2018-07-27,"Trump Organization Inc.,Trump Organization LLC D/B/A The Trump Organization",Lynn Walsh,Approved,,,2018-08-04
https://www.nbcnews.com/politics/donald-trump/trump-s-d-c-hotel-clubhouse-his-fans-may-also-n898041,"Trump Effect Trump's D.C. hotel, a clubhouse for his fans, may also be a 5-star conflict of interest",NBC,2018-08-08,"Trump Old Post Office,Trump International Hotel DC,Trump Organization Inc.,Trump Organization LLC D/B/A The Trump Organization,U.S. Department of Defense,Internal Revenue Service,General Services Administration,U.S. Department of Agriculture,U.S. Treasury Department",Bob Goldstraw,Approved,,,2018-08-08
https://www.today.com/video/is-dc-s-trump-international-hotel-a-conflict-of-interest-for-the-president-1294601283992,Is DC's Trump International hotel a conflict of interest for the president?,NBC,2018-08-08,"Trump International Hotel DC,Trump Old Post Office,Trump Organization Inc.,Trump Organization LLC D/B/A The Trump Organization,U.S. Department of Defense,U.S. Department of Agriculture,U.S. Treasury Department,General Services Administration,Internal Revenue Service",Bob Goldstraw,Approved,,,2018-08-08
https://money.cnn.com/2018/08/03/news/companies/kushner-666-fifth-avenue-brookfield/index.html,Kushner Companies offloads troubled 666 Fifth Avenue flagship,CNN,2018-08-03,"Kushner Companies,666 Fifth Ave,Brookfield Asset Management",Lynn Walsh,Approved,,,2018-08-08
https://www.bloomberg.com/amp/news/articles/2018-08-04/kushners-give-up-control-of-manhattan-tower-to-save-themselves,Kushners Give Up Control of Manhattan Tower to Save Themselves,Bloomberg,2018-08-04,"Kushner Companies,666 Fifth Ave,Brookfield Asset Management",Lynn Walsh,Approved,,,2018-08-08
https://www.mcclatchydc.com/news/politics-government/white-house/article216249755.html,"In 2014, political spending at Trump properties was $35K. In 2018, it’s $3.5M",McClatchy,2018-08-13,"Mar-A-Lago Club,Trump International Hotel DC,Trump National Golf Club - Los Angeles,Trump Organization Inc.,Trump Organization LLC D/B/A The Trump Organization",Bob Goldstraw,Approved,,,2018-08-13
https://www.washingtonpost.com/politics/justice-department-seeks-to-halt-lawsuit-involving-president-trumps-business/2018/08/17/0633c454-a23f-11e8-8e87-c869fe70a721_story.html?utm_term=.0486d0daf301,Justice Department seeks to halt lawsuit involving President Trump’s business,Washington Post,2018-08-17,"Trump Organization Inc.,U.S Department of Justice,Trump Organization LLC D/B/A The Trump Organization,Trump International Hotel DC,Trump Old Post Office",Heidi Johnson,Approved,,,2018-08-17
https://www.washingtonpost.com/local/inspector-general-report-trump-involved-in-fbi-hq-decision/2018/08/27/e89f0812-aa41-11e8-9a7d-cd30504ff902_story.html?utm_term=.a7b25b7e8c92,Inspector general report: Trump involved in FBI HQ decision,Washington Post,2018-08-27,"Trump Old Post Office,Trump International Hotel DC,General Services Administration,FBI",Heidi Johnson,Approved,,,
https://www.washingtonpost.com/business/2018/08/27/white-house-role-fbi-headquarters-plan-detailed-watchdog-report/?utm_term=.ef2c1f7ae015,White House role in FBI headquarters plan detailed in watchdog report,Washington Post,2018-08-27,"Trump International Hotel DC,Trump Old Post Office,FBI,General Services Administration",Heidi Johnson,Approved,,,
https://abcnews.go.com/Politics/trump-campaign-sell-space-force-gear-pick-design/story?id=57126814,"The Trump campaign wants to sell Space Force gear, and they're asking you to pick a design",ABC News,2018-08-09,U.S. Department of Defense,Lynn Walsh,Approved,,,
https://www.nj.com/news/index.ssf/2018/08/a_failed_new_york_investment_by_jared_kushner_gets.html,"The Kushners needed a bailout for Jared's bad bet in N.Y., but still have a full portfolio in Jersey",NJ.com,2018-08-12,"Kushner Companies,Brookfield Asset Management,666 Fifth Ave,65 Bay,Bungalow Hotel,Prospect Place,K 26 Journal Square,K One Journal Square,K 30 Journal Square,Quail Ridge,Chatham Hill Associates,Skyline Kushner,Westminister Management,Warren At Bay Associates,26 Journal Square,Monmouth Mall,Pier Village,Bungalow Hotel",Lynn Walsh,Approved,,,
https://www.politico.com/story/2018/08/13/trump-white-house-staff-golf-clubs-perks-776098,Trump offers White House staffers a special perk at his golf club,Politico,2018-08-13,"Trump International Golf Club,Trump Organization Inc.,Trump Organization LLC D/B/A The Trump Organization",Lynn Walsh,Approved,,,
https://www.nbcbayarea.com/news/local/San-Francisco-Ethics-Official-Files-Suit-Against-Secret-Service-Over-Trump-Jrs-India-Trip-Records-490844011.html?amp=y,San Francisco Ethics Official Files Suit Against Secret Service Over Trump Jr.'s India Trip Records,NBC Bay Area,2018-08-14,"Trump Organization Inc.,Trump Organization LLC D/B/A The Trump Organization,DT India Venture,Trump International Management,Trump International Hotels Management D/B/A Trump Hotel Collection,Trump Marks Mumbai",Lynn Walsh,Approved,,,
https://www.cnn.com/2018/08/22/politics/michael-cohen-trump-foundation-subpoena/index.html,New York tax investigators subpoena Michael Cohen in Trump Foundation probe,CNN,2018-08-22,"Donald J. Trump Foundation,Michael Cohen,Trump Organization Inc.,Trump Organization LLC D/B/A The Trump Organization",Lynn Walsh,Approved,,,
https://www.politico.com/magazine/story/2018/08/17/ivanka-trump-business-partner-justice-department-lawsuit-moshe-lax-219369,DOJ Sues Ivanka’s Ex-Business Partner for Massive Fraud,Politico,2018-08-17,"U.S Department of Justice,Internal Revenue Service,Madison Ave. Diamonds,Ivanka Trump brand,Ivanka Trump Fine Jewelry",Lynn Walsh,Approved,,,
https://www.healthcareitnews.com/news/update-vets-group-sues-trump-administration-end-mar-lago-council-influence-va,Vets group sues Trump administration to end 'Mar-A-Lago Council' influence on VA,Healthcare News,2018-08-20,"Mar-A-Lago Club,Shore Haven Apt#1,U.S. Department of Veterans Affairs",Lynn Walsh,Approved,,,
https://mobile.reuters.com/article/amp/idUSKCN1L91MS,U.S. prosecutors grant Trump Organization CFO immunity in Cohen probe,Reuters,2018-08-24,"Trump Organization Inc.,Trump Organization LLC D/B/A The Trump Organization,Donald J. Trump Foundation,Michael Cohen",Lynn Walsh,Approved,,,
https://www.nytimes.com/2018/08/27/nyregion/kushner-cohen-rent-regulated-tenants.html,Kushner Companies and Michael Cohen Accused of Falsifying Building Permits to Push Out Tenants,New York Times,2018-08-27,Kushner Companies,Lynn Walsh,Approved,,,
https://www.cbsnews.com/news/inspector-general-report-trump-involved-in-fbi-headquarters-decision/,Inspector general report: Trump involved in FBI headquarters decision,CBS News,2018-08-28,"FBI,General Services Administration,Trump International Hotel DC,Trump Old Post Office",Lynn Walsh,Approved,,,
https://www.businessinsider.com/ivanka-trump-brand-website-shuts-down-2018-8,Ivanka Trump's fashion brand has finally shuttered its website,Business Insider,2018-08-23,Ivanka Trump brand,Lynn Walsh,Approved,,,
https://theestablishment.co/anatomy-of-a-scam-the-national-association-of-professional-women-94304c38fb35/,Anatomy Of A Scam: The National Association Of Professional Women,The Establishment,2015-11-11,Cambridge Who's Who,Hilary Niles,Approved,"Lynn, I don't know if you'll want to include this or not since it's not a mainstream media outlet, but it looks like a pretty well documented account that references Cambridge Who's Who and Trump Jr.",,
https://www.npr.org/2018/08/24/641706036/why-the-trump-organizations-business-secrets-may-soon-be-in-the-hands-of-prosecu,Why The Trump Organization's Business Secrets May Soon Be In The Hands Of Prosecutors,NPR,2018-08-24,"Trump Organization Inc.,Trump Organization LLC D/B/A The Trump Organization",Heidi Johnson,Approved,,,
https://www.propublica.org/article/trump-inc-podcast-paul-manafort-trial-begins,"Manafort, Inc.",ProPublica,2018-08-02,"Trump Organization LLC D/B/A The Trump Organization,Trump Organization Inc.",Heidi Johnson,Approved,,,
https://www.propublica.org/article/trump-inc-podcast-michael-cohen-and-paul-manafort-two-cases-that-shook-the-trump-world,Michael Cohen and Paul Manafort: Two Cases That Shook the Trump World,ProPublica,2018-08-22,"Trump Organization Inc.,Trump Organization LLC D/B/A The Trump Organization,Michael Cohen",Heidi Johnson,Approved,,,
https://www.npr.org/2018/08/28/642696449/government-watchdog-raises-questions-about-trumps-decision-not-to-move-fbi,Government Watchdog Raises Questions About Trump's Decision Not To Move FBI,NPR,2018-08-28,"Trump Old Post Office,Trump International Hotel DC,FBI",Heidi Johnson,Approved,,,
https://www.nytimes.com/2016/06/26/us/politics/cambridge-whos-who-trump-brand.html,‘We’re an Easy Target’: Taken In by the Trump Brand,New York Times,2016-06-25,Cambridge Who's Who,Hilary Niles,Approved,"Need to add Cambridge Who's Who as a conflicting entity with eponymous friendly name. Description(s): Donald Trump, Jr., is Former Executive Director of Global Branding and Networking at Cambridge Who's Who, a vanity branding and global networking service widely accused of deceptive marketing."" (link to documentation of his title: https://www.dailymotion.com/video/xd07ro) ",,
https://www.postandcourier.com/business/titan-falls-a-second-time/article_0f46cf83-13f8-5f96-bc1e-8e97b8f43290.html,Titan falls a second time,The Post and Courier,2015-04-11,Charleston Naval Hospital,Hilary Niles,Approved,Scott marked Approved,,2018-09-10
https://www.cnn.com/2018/09/05/politics/trump-tax-returns/index.html,45 Congress Supreme Court 2018 Key Races Primary Results Search » The 1924 law Democrats may tap to see Trump's tax returns,CNN,2018-09-05,Internal Revenue Service,Bob Goldstraw,Approved,"09/09/18 RGG:  Could Trump's income taxes be the possible conflict of interest topic area? LW: YES!
",,
https://www.cnn.com/2018/09/05/politics/house-democrats-congress-investigations/index.html,House Democrats eye possible investigations if they take back the House,CNN,2018-09-05,,Bob Goldstraw,Rejected,,,
https://www.nytimes.com/2016/12/21/us/politics/eric-trump-charity.html,"Trump’s Son, Fearing ‘Quagmire,’ to Stop Soliciting for Charity",New York Times,2016-12-21,The Eric Trump Foundation,Scott McKissock,Approved,"Added ""The Eric Trump Foundation"" conflict as resolved and checked Eric ",,2018-09-10
https://www.washingtonpost.com/business/on-small-business/trump-answers-emolument-suit-by-saying-he-knows-very-little/2018/09/06/1bba3c64-b19d-11e8-8b53-50116768e499_story.html?utm_term=.d726dffc3d58,Trump Answers Emolument Suit by Saying He Knows Very Little,Washington Post,2018-09-05,"Trump Organization LLC D/B/A The Trump Organization,Trump International Hotel DC,U.S Department of Justice",Heidi Johnson,Approved,,,
https://www.npr.org/2018/09/15/648160089/emoluments-lawsuit-moves-a-step-closer-to-trump,Emoluments Lawsuit Moves A Step Closer To Trump,NPR,2018-09-15,"Trump International Hotel DC,Trump Old Post Office,U.S Department of Justice",Heidi Johnson,Approved,,,
https://www.washingtonpost.com/local/dc-politics/liquor-board-declines-to-act-on-trumps-liquor-license-after-residents-complain-about-his-character/2018/09/12/9aa6b66a-b6a7-11e8-94eb-3bd52dfe917b_story.html?utm_term=.464116c6ebc2,Liquor board declines to act on Trump’s liquor license after residents complain about his character,Washington Post,2018-09-12,"Trump International Hotel DC,Trump Old Post Office",Heidi Johnson,Approved,"9/25/2018 HJ: I'm not sure if this article applies, but I'm submitting it under the idea that it showed the link between his presidency and his business.  Plus it's just hilarious. LW: This is a good story! I included it in my roundup too!
",,
https://www.cnn.com/2018/09/19/politics/trump-organization-midterm-democrats-investigations/index.html,Trump Organization prepares for a fight if Democrats win,CNN,2018-09-19,"Trump Hotel,Trump Organization Inc.,Trump Old Post Office",Bob Goldstraw,Approved,,,
https://www.mcclatchydc.com/news/nation-world/article192131074.html,Foreign governments are finding ways to do favors for Trump’s business,McClatchy,2018-01-02,"Trump Hotel,Trump Organization Inc.,Panama Ocean Club Management,Trump Organization LLC D/B/A The Trump Organization",Bob Goldstraw,Approved,,,
https://www.fastcompany.com/40577887/why-instagram-is-the-best-window-into-trump-era-corruption,Why Instagram is the best window into Trump-era corruption,Fast Company,2018-05-26,"Mar-A-Lago Club,Trump Old Post Office,Trump International Hotel DC,Trump Organization Inc.,Trump Organization LLC D/B/A The Trump Organization",Lynn Walsh,Approved,,,
https://www.thedailybeast.com/delegation-from-mueller-scrutinized-cyprus-gets-sweet-deal-at-trumps-dc-hotel?ref=author,Delegation From Mueller-Scrutinized Cyprus Gets Sweet Deal at Trump’s D.C. Hotel,Daily Beast,2018-06-18,"Trump International Hotel DC,Trump Old Post Office",Lynn Walsh,Approved,,,
https://www.thedailybeast.com/trump-hotel-paid-millions-in-fines-for-unpaid-work?ref=wrap?ref=wrap,Trump Hotel Paid Millions in Fines for Unpaid Work,Daily Beast,2018-02-23,"Trump Old Post Office,Trump International Hotel DC",Lynn Walsh,Approved,,,
https://www.thedailybeast.com/trumps-dc-hotel-gave-a-sweetheart-rate-to-a-pro-immigrant-worker-group?ref=author,Trump’s D.C. Hotel Gave a Sweetheart Rate to a Pro-Immigrant Worker Group,Daily Beast,2018-05-21,"Trump International Hotel DC,Trump Old Post Office",Lynn Walsh,Approved,,,
https://www.cntraveler.com/story/trump-hotel-dc-inside-the-worlds-most-controversial-hotel,Inside the World’s Most Controversial Hotel,Conde Nast Traveler,2018-05-02,"Trump International Hotel DC,Trump Old Post Office",Lynn Walsh,Approved,,,
https://www.washingtonpost.com/politics/congressional-democrats-lawsuit-alleging-trumps-private-business-is-violating-the-constitution-can-proceed-federal-judge-rules/2018/09/28/0aa3c5dc-bc22-11e8-8792-78719177250f_story.html?utm_term=.2ee98508686c,"Congressional Democrats’ lawsuit alleging Trump’s private business is violating the Constitution can proceed, federal judge rules",Washington Post,2018-09-28,"Trump Organization Inc.,Trump Organization LLC D/B/A The Trump Organization,Trump International Hotel DC,U.S Department of Justice",Heidi Johnson,Approved,,,
https://www.npr.org/2018/09/28/652820065/judge-says-democratic-lawmakers-can-sue-trump-on-emoluments,Judge Says Democratic Lawmakers Can Sue Trump On Emoluments,NPR,2018-09-28,"Trump International Hotel DC,Trump Organization Inc.,Trump Organization LLC D/B/A The Trump Organization,U.S Department of Justice",Heidi Johnson,Approved,,,
https://www.npr.org/2018/10/04/654587755/new-york-ag-presses-forward-with-suit-against-trumps-charitable-foundation,New York AG Presses Forward With Suit Against Trump's Charitable Foundation,NPR,2018-10-04,Donald J. Trump Foundation,Heidi Johnson,Approved,,,
https://www.washingtonpost.com/national/new-york-ag-fires-another-salvo-at-trump-foundation/2018/10/04/43caf280-c835-11e8-9c0f-2ffaf6d422aa_story.html?utm_term=.7831bc6a8c80,New York AG fires another salvo at Trump Foundation,Washington Post,2018-10-05,Donald J. Trump Foundation,Heidi Johnson,Approved,,,
https://www.cnbc.com/2018/09/28/judge-lets-democrats-in-congress-sue-trump-over-foreign-payments.html,Judge lets Democrats in Congress sue Trump over foreign payments,NBC,2018-09-28,"Trump Organization Inc.,Trump Old Post Office,Trump Organization LLC D/B/A The Trump Organization,U.S Department of Justice",Bob Goldstraw,Approved,,,
https://www.washingtonpost.com/business/trump-posts-losses-at-another-scottish-golf-resort/2018/10/08/ae80d67c-cb27-11e8-ad0a-0e01efba3cc1_story.html?utm_term=.a71fc271889a,Trump posts losses at another Scottish golf resort,Washington Post,2018-10-08,"Trump International Golf Links - Scotland,Trump Scotland,Scotland Acquisitions,Trump International Golf Club Scotland",Heidi Johnson,Approved,I added this because of the ethics experts' reference to Brexit negotiations.,,
https://www.washingtonpost.com/politics/at-trumps-big-city-hotels-business-dropped-as-his-political-star-rose-internal-documents-show/2018/10/03/bd26b1d6-b6d4-11e8-a7b5-adaaa5b2a57f_story.html?utm_term=.4535bbd9f336,"At Trump’s big-city hotels, business dropped as his political star rose, internal documents show",Washington Post,2018-10-04,"Trump Organization Inc.,Trump Organization LLC D/B/A The Trump Organization",Heidi Johnson,Approved,"I'm not sure if this works, but I entered it because of the comments of a turn-around increase in guests last year due to an influx of Saudi Arabian guests.  I've read about the increase in Saudi Arabian guests in the DC hotel as well.",,
https://www.nbcnews.com/think/opinion/donald-trump-s-tax-returns-could-be-his-greatest-vulnerability-ncna918386,"Donald Trump's tax returns could be his greatest vulnerability, especially if Democrats retake the House",NBC,2018-10-10,,Bob Goldstraw,Rejected,Reference is made to federal employees staying at Trump properties and government agencies renting spaces in Trump-owned buildings.,,
https://www.cnn.com/2018/10/12/politics/trump-saudi-business-ties/index.html,Saudi disappearance puts spotlight on Trump's business ties,CNN,2018-10-12,"Trump Tower Condominium,Trump Old Post Office,Trump Organization Inc.,Saudi Arabia and Emirati Real Estate and Hotel Deals",Bob Goldstraw,Approved,,,
https://www.nytimes.com/interactive/2018/10/02/us/politics/donald-trump-tax-schemes-fred-trump.html,Trump Engaged in Suspect Tax Schemes as He Reaped Riches From His Father,New York Times,2018-10-02,"Internal Revenue Service,Trump Organization Inc.,Trump Organization LLC D/B/A The Trump Organization",Lynn Walsh,Approved,,,
https://www.apnews.com/815763f276fb454494639aad82be2112,Trump's Business Ties to Saudi Kingdom Run Long and Deep,Associated Press,2018-10-13,"Trump Organization Inc.,Trump Tower Condominium,DT Jeddah Technical Services Advisor,Trump Tower Commercial,Saudi Arabia and Emirati Real Estate and Hotel Deals",Bob Goldstraw,Approved,,,
https://www.washingtonpost.com/politics/2018/10/16/whether-trump-has-financial-interests-saudi-arabia-he-has-plenty-with-country/?utm_term=.a571a3f0706e,"Whether Trump has financial interests *in* Saudi Arabia, he has plenty *with* the country",Washington Post,2018-10-16,"Trump Organization Inc.,Trump Organization LLC D/B/A The Trump Organization,Trump International Hotel DC,Trump Tower Condominium,Trump Tower Commercial,Trump Chicago",Heidi Johnson,Approved,"10/16/2018 HJ: This article is a political analysis.  I'm not sure how close to opinion that makes it; judging by the title alone, it definitely has a ""tone."" LW: I think this has a lot of factual information and is worth including.",,
https://www.washingtonpost.com/politics/i-like-them-very-much-trump-has-long-standing-business-ties-with-saudis-who-have-boosted-his-hotels-since-he-took-office/2018/10/11/0870df24-cd67-11e8-a360-85875bac0b1f_story.html?utm_term=.a03c219665a7,"‘I like them very much:’ Trump has long-standing business ties with Saudis, who have boosted his hotels since he took office",Washington Post,2018-10-11,"Trump International Hotel DC,Trump Chicago,Trump Hotel,Trump Organization Inc.,Trump Organization LLC D/B/A The Trump Organization",Heidi Johnson,Approved,,,
https://www.washingtonpost.com/f2120b3a-ced4-11e8-ad0a-0e01efba3cc1_story.html?utm_term=.17d7f35a1df8,Trump’s business ties to kingdom run long and deep,Washington Post,2018-10-13,"Trump Plaza,Trump Tower Commercial,Trump International Hotel And Tower Condominium",Heidi Johnson,Rejected,LW: This is the same AP store already added above,,
https://www.cnn.com/2018/10/16/politics/donald-trump-saudi-financial-interests/index.html,No financial interests in Saudi Arabia? Trump has said differently before,CNN,2018-10-16,"Trump Tower Condominium,Trump Old Post Office,Trump International Hotel DC,Trump Chicago Hotel Manager,Trump Chicago,Trump Tower Commercial",Bob Goldstraw,Approved,,,
https://www.cnn.com/2018/10/18/politics/trump-fbi-building/index.html,"Trump more involved in stopping FBI HQ move than previously known, emails show",CNN,2018-10-18,"Trump Old Post Office,Trump International Hotel DC,Trump Organization Inc.,Trump Organization LLC D/B/A The Trump Organization,FBI",Bob Goldstraw,Approved,,,
https://www.cnn.com/2018/10/19/politics/trump-saudi-arabia-khashoggi-democrats/index.html,Democrats seek answers over Trump 'personal enrichment' from Saudi government,CNN,2018-10-19,"Trump Tower Condominium,Trump Organization Inc.,Trump Old Post Office,Trump International Hotel DC,Mar-A-Lago Club",Bob Goldstraw,Approved,,,
https://www.nbcnews.com/think/opinion/how-trump-taking-fbi-possibly-violating-emoluments-clause-process-ncna925076,"How Trump is taking on the FBI, and possibly violating the Emoluments Clause in the process",NBC,2018-10-29,Trump International Hotel DC,Bob Goldstraw,Rejected,OPINION,,
https://www.cnn.com/2018/10/25/politics/trump-foundation-lawsuit-wait/index.html,Judge waits to hear if sitting president can be sued before ruling on Trump Foundation,CNN,2018-10-26,Donald J. Trump Foundation,Bob Goldstraw,Approved,,,
https://www.washingtonpost.com/world/2018/10/18/why-is-trump-so-keen-protect-saudis/?utm_term=.a0943507f3f5,Why is Trump so keen to protect the Saudis?,Washington Post,2018-10-18,"Trump Organization Inc.,Trump Organization LLC D/B/A The Trump Organization,Trump International Hotels Management D/B/A Trump Hotel Collection",Heidi Johnson,Approved,This is an analysis piece.,,
https://www.usnews.com/news/politics/articles/2018-10-21/democrats-eye-revival-of-russia-probe-if-they-win-house,Democrats eye revival of Russia probe if they win House,U.S. News and World Reports,2018-10-21,"Trump Organization Inc.,Trump Organization LLC D/B/A The Trump Organization",Heidi Johnson,Approved,,,
https://www.npr.org/2018/10/18/658509261/trump-intervened-in-fbi-hq-project-to-protect-his-hotel-democrats-allege,"Trump Intervened In FBI HQ Project To Protect His Hotel, Democrats Allege",NPR,2018-10-18,"Trump International Hotel DC,Trump Organization Inc.,Trump Organization LLC D/B/A The Trump Organization,Trump Old Post Office,FBI",Heidi Johnson,Approved,,,
https://www.nbcnews.com/politics/white-house/democrats-demand-white-house-documents-fbi-headquarters-move-n930406,Democrats demand White House documents on FBI headquarters move,NBC,2018-11-02,"Trump International Hotel DC,Trump Old Post Office,FBI",Bob Goldstraw,Approved,,,
https://www.cnn.com/2018/11/02/politics/donald-trump-emoluments-clause-dc-maryland/index.html,Federal judge allows discovery to move forward in Trump emoluments case,CNN,2018-11-02,"Trump International Hotel DC,Trump Old Post Office,U.S Department of Justice",Bob Goldstraw,Approved,,,
https://www.mcclatchydc.com/latest-news/article221420605.html,Rich Russian who may have grossly overpaid for a Trump mansion is mired in a big scandal,McClatchy,2018-11-09,"Trump Organization Inc.,Trump Organization LLC D/B/A The Trump Organization",Bob Goldstraw,Approved,Specific property involved in this transaction isn't clear to me. LW: NEED TO FIND MORE SPECIFIC COMPANY,,
https://www.cnbc.com/2018/11/08/trumps-deutsche-bank-ties-just-one-of-several-issues-for-house-rep-waters-says.html,"Trump's Deutsche Bank ties just one of several issues for House, Rep. Waters says",NBC,2018-11-08,Deutsche Bank,Bob Goldstraw,Approved,,,
https://www.cnn.com/2018/11/10/politics/trump-properties-campaign-spending-2018-midterms/index.html,"Trump properties received $3.2 million during midterms, FEC records show",CNN,2018-11-10,"Mar-A-Lago Club,Trump International Hotel DC,Trump Old Post Office,Trump Miami Resort,Trump Las Vegas,Trump Chicago Commercial,Trump Chicago,Trump Tower Commercial,Trump Plaza",Bob Goldstraw,Approved,,,
https://www.cnn.com/2018/11/06/politics/ivanka-trump-trademarks/index.html,China grants 16 trademarks to defunct Ivanka Trump business,CNN,2018-11-06,"Ivanka Trump brand,China Trademark",Bob Goldstraw,Approved,,,
https://www.wnycstudios.org/story/trump-inc-trump-tangled-relationship-saudi-arabia,Trump’s Tangled Relationship With Saudi Arabia,ProPublica,2018-10-19,"Trump Organization Inc.,Trump Organization LLC D/B/A The Trump Organization",Heidi Johnson,Approved,,,
https://www.wnycstudios.org/story/trump-inc-trump-taxes-art-dodge,Trump and Taxes: The Art of the Dodge,ProPublica,2018-10-24,"Trump Organization Inc.,Trump Organization LLC D/B/A The Trump Organization,Donald J. Trump Foundation",Heidi Johnson,Approved,,,
https://www.npr.org/about-npr/665423141/npr-news-interview-congressman-adam-schiff,NPR News Interview Congressman Adam Schiff,NPR,2018-11-07,"Trump Organization Inc.,Trump Organization LLC D/B/A The Trump Organization",Heidi Johnson,Rejected,"Nothing specifically about Trump's businesses

",,
https://www.washingtonpost.com/politics/2018/11/12/readers-guide-trump-administration-targets-house-democrats-are-preparing-investigate/?utm_term=.ca37230f6620,A reader’s guide: 12 targets as House Democrats prepare to investigate the Trump administration,Washington Post,2018-11-12,"Trump Organization Inc.,Trump Organization LLC D/B/A The Trump Organization,Trump International Hotel DC,Trump Old Post Office",Heidi Johnson,Approved,,,
https://www.washingtonpost.com/politics/federal_government/meet-the-house-democrats-who-will-be-running-the-show/2018/11/12/40ea846a-e63d-11e8-8449-1ff263609a31_story.html?utm_term=.77c7103b9287,Meet the House Democrats who will be running the show,Washington Post,2018-11-12,"Trump International Hotel DC,Trump Old Post Office,Internal Revenue Service",Heidi Johnson,Approved,,,
https://www.washingtonpost.com/world/asia_pacific/china-greenlights-large-batch-of-ivanka-trump-trademark-applications/2018/11/06/c085e88c-e1c8-11e8-a1c9-6afe99dddd92_story.html?utm_term=.8d0bb6058cd8,China greenlights large batch of Ivanka Trump trademark applications,Washington Post,2018-11-06,"Ivanka Trump brand,China Trademark",Heidi Johnson,Approved,"This one is for Ivanka.  I know we aren't supposed to worry about her right now, but this one seemed important.",,
https://www.washingtonpost.com/politics/justice-lawyers-fail-to-halt-trump-financial-records-release/2018/11/03/5a6da8ea-df26-11e8-8bac-bfe01fcdc3a6_story.html?utm_term=.57a5b2a068d3,Justice lawyers fail to halt Trump financial records release,Washington Post,2018-11-03,"Trump International Hotel DC,U.S Department of Justice,Trump Old Post Office",Heidi Johnson,Approved,,,
https://www.washingtonpost.com/politics/democrats-signal-aggressive-investigations-of-trump-while-resisting-impeachment-calls/2018/11/11/63945180-e5d4-11e8-bbdb-72fdbf9d4fed_story.html?utm_term=.29f3e4841939,Democrats signal aggressive investigations of Trump while resisting impeachment calls,Washington Post,2018-11-11,"Trump International Hotel DC,Trump Organization Inc.,Trump Organization LLC D/B/A The Trump Organization",Heidi Johnson,Approved,,,
https://www.washingtonpost.com/business/newly-empowered-dems-take-aim-at-trump-business-conflicts/2018/11/08/41d63b12-e318-11e8-ba30-a7ded04d8fac_story.html?utm_term=.00e0889e2f4c,Newly empowered Dems take aim at Trump business conflicts,Washington Post,2018-11-08,"Trump International Hotel DC,Trump Old Post Office,Trump Organization Inc.,Trump Organization LLC D/B/A The Trump Organization",Heidi Johnson,Approved,,,
https://www.washingtonpost.com/business/what-you-need-to-know-about-the-emoluments-clause/2018/11/07/aeb78d72-e26d-11e8-ba30-a7ded04d8fac_story.html?utm_term=.1af32a70cc1f,What You Need to Know About the Emoluments Clause,Washington Post,2018-11-07,"Trump International Hotel DC,Trump Organization Inc.,Trump Organization LLC D/B/A The Trump Organization,Trump Old Post Office",Heidi Johnson,Approved,,,
https://www.forbes.com/sites/chasewithorn/2018/10/24/what-you-dont-know-about-trump-the-huge-holes-in-disclosure-rules-and-how-they-could-be-fixed/amp/,What You (Don’t) Know About Trump: The Huge Holes In Disclosure Rules And How They Could Be Fixed,Forbes,2018-10-24,"Trump Tower Condominium,Trump Tower Commercial,Trump Organization Inc.,Trump Organization LLC D/B/A The Trump Organization,Bank of China,""1290 Avenue Of The Americas, A Tenancy-In-Common"",Trump Las Vegas",Lynn Walsh,Approved,,,
https://abcnews.go.com/Politics/turkish-group-froze-plans-lavish-trump-hotel-event/story?id=58744546,Turkish group froze plans for lavish Trump Hotel event during talks on US pastor’s fate,ABC News,2018-10-26,"Trump International Hotel DC,Trump Organization Inc.,Trump Organization LLC D/B/A The Trump Organization",Lynn Walsh,Approved,,,
https://www.wnycstudios.org/story/trump-inc-rudy-inc,"Rudy, Inc.",WNYC,2018-10-31,"Rudy Giuliani,Trump Organization Inc.,Trump Organization LLC D/B/A The Trump Organization",Lynn Walsh,Approved,,,
https://www.wsj.com/articles/donald-trump-played-central-role-in-hush-payoffs-to-stormy-daniels-and-karen-mcdougal-1541786601,Donald Trump Played Central Role in Hush Payoffs to Stormy Daniels and Karen McDougal,Wall Street Journal,2018-11-09,"Michael Cohen,Federal Election Commission",Lynn Walsh,Approved,,,
https://www.propublica.org/article/the-beleaguered-tenants-of-kushnerville,The Beleaguered Tenants of ‘Kushnerville’,ProPublica,2017-05-23,,Lynn Walsh,Approved,,,
https://www.wnycstudios.org/story/trump-inc-pump-trump-panama,Pump and Trump,WNYC,2018-10-17,"Trump Organization Inc.,Trump Organization LLC D/B/A The Trump Organization,Trump Panama Hotel Management,Trump International Hotel And Tower (Panama),Trump International Hotels Management D/B/A Trump Hotel Collection",Lynn Walsh,Approved,,,
https://amp.fastcompany.com/90252235/trump-endorsements-follow-in-the-wake-of-candidates-spending-money-at-his-properties,Trump endorsements follow in the wake of candidates spending money at his properties,Fast Company,2018-10-17,"Trump Organization Inc.,Trump Organization LLC D/B/A The Trump Organization,Trump International Hotel DC,Trump Old Post Office,Trump International Golf Club",Lynn Walsh,Approved,,,
https://abcnews.go.com/amp/Politics/mar-lago-member-150k-legal-defense-fund-trump/story?id=58516651,Mar-a-Lago member gives $150K to legal defense fund for Trump allies,ABC News,2018-10-15,Mar-A-Lago Club,Lynn Walsh,Approved,,,
https://www.forbes.com/sites/danalexander/2018/10/02/how-trump-is-tryingand-failingto-get-rich-off-his-presidency/#dbfb60e3b1aa,How Trump Is Trying—And Failing—To Get Rich Off His Presidency,Forbes,2018-10-02,"Trump Organization Inc.,Trump Organization LLC D/B/A The Trump Organization",Lynn Walsh,Approved,,,
https://www.latimes.com/business/la-fi-trump-scotland-golf-20181008-story.html?cid=dlvr.it,Trump is still losing millions at his golf resorts in Scotland,LA Times,2018-10-08,"Trump Scotland,Trump International Golf Club Scotland,Trump International Golf Links - Scotland,Scotland Acquisitions",Lynn Walsh,Approved,,,
https://www.nytimes.com/2018/10/13/business/jared-kushner-taxes.html,"Jared Kushner Paid No Federal Income Tax for Years, Documents Suggest",New York Times,2018-10-13,Internal Revenue Service,Lynn Walsh,Approved,,,
https://www.chicagobusiness.com/commercial-real-estate/kushner-selling-loop-office-tower,Kushner selling Loop office tower,Crain's Chicago Business,2018-10-09,225 Randolph,Lynn Walsh,Approved,,,
https://www.npr.org/2018/10/04/654587755/new-york-ag-presses-forward-with-suit-against-trumps-charitable-foundation,New York AG Presses Forward With Suit Against Trump's Charitable Foundation,NPR,2018-10-04,Donald J. Trump Foundation,Lynn Walsh,Approved,,,
https://www.propublica.org/article/trump-inc-podcast-the-business-of-silence/amp?__twitter_impression=true,"The Business of Silence — “Trump, Inc.” Podcast",ProPublica,2018-10-03,"Trump Organization Inc.,Trump Organization LLC D/B/A The Trump Organization",Lynn Walsh,Approved,,,
https://www.usatoday.com/story/news/2018/09/29/federal-judge-democrats-congress-can-sue-trump-emoluments-case/1470694002/,  Federal judge: Democrats in Congress can sue Trump in emoluments case,USA TODAY,2018-09-29,"Trump Organization Inc.,Trump Organization LLC D/B/A The Trump Organization,Trump International Hotel DC,U.S Department of Justice",Lynn Walsh,Approved,,,
https://www.wsj.com/livecoverage/campaign-wire-2018-midterms/card/1536780821,Admission to President's Fundraiser Tonight at Trump International Hotel Won't Come Cheap View image on Twitter,USA TODAY,2018-09-12,Trump International Hotel DC,Lynn Walsh,Approved,,,
https://www.vox.com/platform/amp/world/2018/9/12/17764132/trump-russia-business-ties-mafia-putin-craig-unger%EF%BB%BF,Trump’s ties to the Russian mafia go back 3 decades,VOX,2018-11-19,"Trump Organization Inc.,Trump Organization LLC D/B/A The Trump Organization",Lynn Walsh,Approved,,,
https://therealdeal.com/2018/09/05/one-of-trump-towers-largest-commercial-tenants-inks-100k-sf-lease-on-sixth-ave/,One of Trump Tower’s largest commercial tenants inks 100K sf lease on Sixth Ave,The Real Deal,2018-09-05,"Trump Tower Condominium,Trump Tower Commercial,Bank of China",Lynn Walsh,Approved,,,
,,,,,,,,,
https://www.nbcnews.com/politics/politics-news/judge-allows-lawsuit-against-trump-foundation-proceed-rejects-trump-claim-n939526,"Judge allows lawsuit against Trump Foundation to proceed, rejects Trump claim that he can't be sued",NBC,2018-11-23,Donald J. Trump Foundation,Bob Goldstraw,,,,
https://www.cnn.com/2018/11/21/politics/trump-org-braces-for-dems/index.html,The President's company braces for Democratic investigations,CNN,2018-11-21,"Trump Organization Inc.,Donald J. Trump Foundation",Bob Goldstraw,,,,
https://www.cnn.com/2018/11/23/opinions/why-house-democrats-must-vigorously-investigate-trump-zelizer/index.html,Why House Democrats must vigorously investigate Trump,CNN,2018-11-23,Trump Organization Inc.,Bob Goldstraw,,,,
https://www.cnn.com/2018/11/26/politics/trump-foundation-filing/index.html,Newly released filings show Trump company transfers to his charity in 2017,CNN,2018-11-26,"Donald J. Trump Foundation,Trump Organization Inc.,Trump National Golf Club - Westchester",Bob Goldstraw,,,,